ano_mes,geracao_media_MW,geracao_total_MWh,chuva_mm,ONI,fase
2000-01,9518.173521505376,7081521.1,222.0,-1.7,La Nina
2000-02,9814.524281609196,6830908.9,136.6,-1.4,La Nina
2000-03,10910.862231182797,8117681.5,41.0,-1.1,La Nina
2000-04,10558.610555555557,7602199.6,123.0,-0.8,La Nina
2000-05,9759.788306451614,7261282.5,144.0,-0.7,La Nina
2000-06,10202.012777777778,7345449.2,187.0,-0.6,La Nina
2000-07,10592.449327956989,7880782.3,89.0,-0.6,La Nina
2000-08,10607.225940860217,7891776.1,41.0,-0.5,La Nina
2000-09,11856.209583333331,8536470.9,85.0,-0.5,La Nina
2000-10,10773.357008086254,7993830.9,416.0,-0.6,La Nina
2000-11,11014.31752433936,7919294.3,143.0,-0.7,La Nina
2000-12,11176.414401076716,8304075.9,154.4,-0.7,La Nina
2001-01,10083.775134408605,7502328.7,281.0,-0.7,La Nina
2001-02,10229.916591928251,6843814.2,156.0,-0.5,La Nina
2001-03,10128.419623655916,7535544.2,139.0,-0.4,Neutro
2001-04,10272.019888734352,7385582.3,136.2,-0.3,Neutro
2001-05,9776.998648648649,7234979.0,37.0,-0.3,Neutro
2001-06,8426.375694444445,6066990.5,102.0,-0.1,Neutro
2001-07,8157.040945945946,6036210.3,57.0,-0.1,Neutro
2001-08,7223.534320323015,5367086.0,88.0,-0.1,Neutro
2001-09,7822.271944444444,5632035.8,122.0,-0.2,Neutro
2001-10,8367.050874831762,6216718.8,48.0,-0.3,Neutro
2001-11,8707.537777777778,6269427.2,187.0,-0.3,Neutro
2001-12,8901.363157894737,6595910.1,38.0,-0.3,Neutro
2002-01,9576.371102150537,7124820.1,354.20000000000005,-0.1,Neutro
2002-02,8499.578273809524,5711716.6,33.2,0.0,Neutro
2002-03,9785.345698924732,7280297.2,195.0,0.1,Neutro
2002-04,10535.953055555556,7585886.2,202.0,0.2,Neutro
2002-05,10021.440322580644,7455951.6,255.2,0.4,Neutro
2002-06,9401.145277777778,6768824.6,47.0,0.7,El Nino
2002-07,8657.51747311828,6441193.0,140.4,0.8,El Nino
2002-08,9123.48682795699,6787874.2,242.9,0.9,El Nino
2002-09,9292.400416666667,6690528.3,189.4,1.0,El Nino
2002-10,9464.813978494623,7041821.6,467.8999999999998,1.2,El Nino
2002-11,9644.193184979138,6934174.9,95.6,1.3,El Nino
2002-12,9602.524731182795,7144278.4,273.6,1.1,El Nino
2003-01,9997.98373655914,7438499.9,256.6,0.9,El Nino
2003-02,10446.195089285711,7019843.1,195.0,0.6,El Nino
2003-03,9060.996639784946,6741381.5,191.00000000000003,0.4,Neutro
2003-04,10399.350277777778,7487532.2,103.2,0.0,Neutro
2003-05,10103.467607526882,7516979.9,6.4,-0.3,Neutro
2003-06,9958.72625,7170282.9,44.2,-0.2,Neutro
2003-07,9681.766666666666,7203234.4,40.0,0.1,Neutro
2003-08,9644.95497311828,7175846.5,70.0,0.2,Neutro
2003-09,10075.971111111112,7254699.2,78.2,0.3,Neutro
2003-10,10862.850201884254,8071097.7,250.00000000000003,0.3,Neutro
2003-11,10733.077777777778,7727816.0,224.6,0.4,Neutro
2003-12,11125.587634408605,8277437.2,312.3,0.4,Neutro
2004-01,10109.207930107526,7521250.7,70.8,0.4,Neutro
2004-02,9894.798706896552,6886779.9,41.2,0.3,Neutro
2004-03,10105.183602150537,7518256.6,59.4,0.2,Neutro
2004-04,9885.739166666666,7117732.2,230.4,0.2,Neutro
2004-05,10381.889247311829,7724125.6,56.0,0.2,Neutro
2004-06,10655.261527777777,7671788.3,94.6,0.3,Neutro
2004-07,10290.664919354838,7656254.7,62.8,0.5,El Nino
2004-08,9994.41061827957,7435841.5,22.4,0.6,El Nino
2004-09,9929.750694444445,7149420.5,150.4,0.7,El Nino
2004-10,10112.072311827957,7523381.8,213.0,0.7,El Nino
2004-11,10508.066063977749,7555299.5,300.7,0.7,El Nino
2004-12,10994.386559139784,8179823.6,92.0,0.7,El Nino
2005-01,10665.172849462366,7934888.6,135.4,0.6,El Nino
2005-02,10488.874851190476,7048523.9,,0.6,El Nino
2005-03,10475.33306451613,7793647.8,118.8,0.4,Neutro
2005-04,10991.17125,7913643.3,,0.4,Neutro
2005-05,10024.07634408602,7457912.8,233.6,0.3,Neutro
2005-06,9463.57125,6813771.3,,0.1,Neutro
2005-07,9554.277150537637,7108382.2,46.2,-0.1,Neutro
2005-08,9637.35819892473,7170194.5,,-0.1,Neutro
2005-09,9245.671944444444,6656883.8,93.0,-0.1,Neutro
2005-10,9604.219650067294,7135935.2,90.1,-0.3,Neutro
2005-11,9725.089305555555,7002064.3,152.6,-0.6,La Nina
2005-12,10724.934274193549,7979351.1,,-0.8,La Nina
2006-01,11096.7890260631,8089559.2,69.4,-0.9,La Nina
2006-02,10897.516369047618,7323131.0,20.0,-0.8,La Nina
2006-03,10626.681317204302,7906250.9,232.0,-0.6,La Nina
2006-04,10559.59597222222,7602909.1,95.2,-0.4,Neutro
2006-05,10477.178726287264,7732157.9,40.0,-0.1,Neutro
2006-06,10511.962916666667,7568613.3,68.4,0.0,Neutro
2006-07,10656.411021505375,7928369.8,21.0,0.1,Neutro
2006-08,10574.172139973083,7856609.9,117.40000000000002,0.3,Neutro
2006-09,10336.662116991643,7421723.4,138.6,0.5,El Nino
2006-10,10237.206738544475,7596007.4,281.9,0.8,El Nino
2006-11,10520.585535465923,7564301.0,222.6,0.9,El Nino
2006-12,10523.860887096776,7829752.5,229.8,0.9,El Nino
2007-01,11039.97553763441,8213741.8,260.0,0.7,El Nino
2007-02,10293.365327380952,6917141.5,136.39999999999998,0.2,Neutro
2007-03,11126.532795698926,8278140.4,141.0,-0.1,Neutro
2007-04,10925.537083333333,7866386.7,227.0,-0.3,Neutro
2007-05,9333.502956989249,6944126.2,202.8,-0.4,Neutro
2007-06,9689.761805555556,6976628.5,24.0,-0.5,La Nina
2007-07,10169.286021505375,7565948.8,75.0,-0.6,La Nina
2007-08,10098.412096774193,7513218.6,33.7,-0.8,La Nina
2007-09,10369.840138888889,7466284.9,155.0,-1.1,La Nina
2007-10,10129.856796769853,7526483.6,316.1,-1.3,La Nina
2007-11,10664.162638888887,7678197.1,268.3,-1.5,La Nina
2007-12,10380.011962365592,7722728.9,275.0,-1.6,La Nina
2008-01,10755.156451612904,8001836.4,95.4,-1.6,La Nina
2008-02,10410.05790229885,7245400.3,99.7,-1.5,La Nina
2008-03,11092.056048387098,8252489.7,23.4,-1.3,La Nina
2008-04,11165.544722222225,8039192.2,323.79999999999995,-1.0,La Nina
2008-05,10976.591801075268,8166584.3,39.2,-0.8,La Nina
2008-06,11309.795277777775,8143052.6,164.60000000000002,-0.6,La Nina
2008-07,10460.343413978497,7782495.5,48.4,-0.4,Neutro
2008-08,11753.27002688172,8744432.9,79.9,-0.2,Neutro
2008-09,10202.975972222222,7346142.7,108.2,-0.2,Neutro
2008-10,11071.843876177658,8226380.0,312.0,-0.4,Neutro
2008-11,10229.303472222222,7365098.5,89.0,-0.6,La Nina
2008-12,9889.988440860216,7358151.4,10.2,-0.7,La Nina
2009-01,9699.912903225806,7216735.2,108.9,-0.8,La Nina
2009-02,10843.71875,7286979.0,166.20000000000002,-0.8,La Nina
2009-03,11465.77809139785,8530538.9,12.0,-0.6,La Nina
2009-04,11284.190277777778,8124617.0,46.6,-0.3,Neutro
2009-05,9887.547311827955,7356335.2,134.2,0.0,Neutro
2009-06,10295.022222222222,7412416.0,109.0,0.3,Neutro
2009-07,11193.871102150537,8328240.1,167.5,0.5,El Nino
2009-08,10740.66559139785,7991055.2,173.80000000000004,0.6,El Nino
2009-09,10397.20736111111,7485989.3,229.0,0.7,El Nino
2009-10,10082.117631224764,7491013.4,133.0,1.0,El Nino
2009-11,10348.336111111112,7450802.0,400.1,1.4,El Nino
2009-12,8995.266532258065,6692478.3,229.6,1.6,El Nino
2010-01,8165.975537634408,6075485.8,181.4,1.5,El Nino
2010-02,8526.683928571429,5729931.6,116.40000000000002,1.2,El Nino
2010-03,8819.685752688172,6561846.2,93.0,0.8,El Nino
2010-04,8636.69013888889,6218416.9,171.39999999999998,0.4,Neutro
2010-05,9385.900403225807,6983109.9,189.0,-0.2,Neutro
2010-06,10296.353472222225,7413374.5,155.5,-0.7,La Nina
2010-07,10483.277688172042,7799558.6,116.0,-1.0,La Nina
2010-08,10134.838306451613,7540319.7,6.6,-1.3,La Nina
2010-09,9901.332083333333,7128959.1,159.6,-1.6,La Nina
2010-10,10488.09730820996,7792656.3,122.89999999999998,-1.6,La Nina
2010-11,11027.159722222224,7939555.0,40.0,-1.6,La Nina
2010-12,11016.720161290325,8196439.8,219.6,-1.5,La Nina
2011-01,11195.452956989247,8329417.0,62.5,-1.3,La Nina
2011-02,11006.675148809523,7396485.7,255.7,-1.0,La Nina
2011-03,9593.345161290325,7137448.8,70.4,-0.8,La Nina
2011-04,9599.950138888888,6911964.1,133.2,-0.6,La Nina
2011-05,10783.52809139785,8022944.9,30.5,-0.5,La Nina
2011-06,10755.60888888889,7744038.4,164.9,-0.4,Neutro
2011-07,10778.711424731182,8019361.3,99.4,-0.4,Neutro
2011-08,10549.594220430106,7848898.1,90.89999999999998,-0.6,La Nina
2011-09,10002.572083333334,7201851.9,52.7,-0.8,La Nina
2011-10,10188.797711978466,7570276.7,325.5,-1.0,La Nina
2011-11,10252.226944444445,7381603.4,87.3,-1.0,La Nina
2011-12,10726.673387096776,7980645.0,64.8,-0.9,La Nina
2012-01,11287.28561827957,8397740.5,27.3,-0.7,La Nina
2012-02,11278.572270114944,7849886.3,161.0,-0.6,La Nina
2012-03,11128.66317204301,8279725.4,49.10000000000001,-0.5,La Nina
2012-04,11289.064444444444,8128126.4,159.0,-0.4,Neutro
2012-05,11552.49932795699,8595059.5,38.8,-0.2,Neutro
2012-06,11744.523611111112,8456057.0,100.8,0.1,Neutro
2012-07,12148.243548387096,9038293.2,66.0,0.3,Neutro
2012-08,10894.049059139785,8105172.5,72.0,0.4,Neutro
2012-09,10216.723194444445,7356040.7,43.6,0.4,Neutro
2012-10,10496.1800807537,7798661.8,213.0,0.3,Neutro
2012-11,10383.82138888889,7476351.4,48.4,0.1,Neutro
2012-12,10755.653897849465,8002206.5,435.50000000000006,-0.1,Neutro
2013-01,10874.886827956989,8090915.8,83.6,-0.3,Neutro
2013-02,11522.622470238097,7743202.3,67.4,-0.3,Neutro
2013-03,11795.608467741937,8775932.7,274.8,-0.2,Neutro
2013-04,12158.146250000002,8753865.3,235.00000000000003,-0.2,Neutro
2013-05,10840.078225806452,8065018.2,153.00000000000003,-0.3,Neutro
2013-06,11289.81388888889,8128666.0,70.2,-0.3,Neutro
2013-07,11304.937096774192,8410873.2,206.4,-0.4,Neutro
2013-08,10823.169623655916,8052438.2,105.79999999999998,-0.3,Neutro
2013-09,10257.84861111111,7385651.0,93.6,-0.2,Neutro
2013-10,11108.117092866756,8253331.0,208.1,-0.1,Neutro
2013-11,11055.37625,7959870.9,146.20000000000002,-0.1,Neutro
2013-12,10911.80263888889,7856497.9,109.9,-0.2,Neutro
2014-01,11056.094758064515,8225734.5,256.00000000000006,-0.3,Neutro
2014-02,10887.635185185183,7055187.6,57.89999999999999,-0.3,Neutro
2014-03,10072.2186827957,7493730.7,421.5,-0.1,Neutro
2014-04,10481.15763888889,7546433.5,339.70000000000005,0.2,Neutro
2014-05,9901.738172043011,7366893.2,217.0,0.3,Neutro
2014-06,9656.591666666667,6952746.0,304.5,0.2,Neutro
2014-07,9834.22567204301,7316663.9,197.7,0.1,Neutro
2014-08,9521.99260752688,7084362.5,39.2,0.1,Neutro
2014-09,8719.611527777777,6278120.3,379.8,0.3,Neutro
2014-10,10433.483714670256,7752078.4,193.6,0.5,El Nino
2014-11,9228.798888888889,6644735.2,222.4,0.7,El Nino
2014-12,9490.181720430108,7060695.2,289.6,0.8,El Nino
2015-01,10157.153897849465,7556922.5,301.9,0.7,El Nino
2015-02,10089.934970238097,6780436.3,22.7,0.6,El Nino
2015-03,10883.20685483871,8097105.9,91.3,0.7,El Nino
2015-04,9408.9908045977,6548657.6,160.4,0.8,El Nino
2015-05,9341.377419354838,6949984.8,227.4,1.0,El Nino
2015-06,9213.981111111112,6634066.4,193.6,1.3,El Nino
2015-07,10657.232930107526,7928981.3,169.1,1.6,El Nino
2015-08,9638.926478494624,7171361.3,41.0,1.9,El Nino
2015-09,9474.6525,6821749.8,131.90000000000003,2.2,El Nino
2015-10,11077.52409152086,8230600.4,90.1,2.5,El Nino
2015-11,10966.597361111111,7895950.1,325.6,2.6,El Nino
2015-12,10464.830241935484,7785833.7,290.2,2.8,El Nino
2016-01,11338.22620967742,8435640.3,107.1,2.6,El Nino
2016-02,12476.558620689657,8683684.8,302.99999999999994,2.3,El Nino
2016-03,11213.982795698925,8343203.2,311.2,1.7,El Nino
2016-04,12104.380277777778,8715153.8,171.6,1.0,El Nino
2016-05,11573.800268817206,8610907.4,89.5,0.5,El Nino
2016-06,11838.958750000002,8524050.3,7.0,0.0,Neutro
2016-07,11799.003629032257,8778458.7,56.9,-0.3,Neutro
2016-08,11387.61733870968,8472387.3,116.0,-0.5,La Nina
2016-09,11574.678055555556,8333768.2,36.5,-0.6,La Nina
2016-10,11332.160430686405,8419795.2,201.30000000000004,-0.6,La Nina
2016-11,11453.840694444443,8246765.3,189.2,-0.6,La Nina
2016-12,11879.02002688172,8837990.9,252.0,-0.5,La Nina
2017-01,11674.926612903226,8686145.4,72.30000000000001,-0.2,Neutro
2017-02,12135.629613095238,8155143.1,172.7,0.0,Neutro
2017-03,11551.16693548387,8594068.2,267.5,0.2,Neutro
2017-04,10104.296944444444,7275093.8,453.1,0.3,Neutro
2017-05,10347.832930107526,7698787.7,321.0,0.4,Neutro
2017-06,10330.111388888889,7437680.2,119.6,0.4,Neutro
2017-07,10032.124059139784,7463900.3,3.8,0.2,Neutro
2017-08,9665.299193548386,7190982.6,202.8,-0.1,Neutro
2017-09,9798.393055555556,7054843.0,42.5,-0.3,Neutro
2017-10,11072.248317631223,8226680.5,445.4,-0.6,La Nina
2017-11,12194.029166666667,8779701.0,228.1,-0.8,La Nina
2017-12,12360.469892473118,9196189.6,106.2,-0.9,La Nina
2018-01,12725.611424731183,9467854.9,327.3,-0.8,La Nina
2018-02,12607.802529761906,8472443.3,54.9,-0.7,La Nina
2018-03,13189.361424731183,9812884.9,152.3,-0.6,La Nina
2018-04,11653.339166666665,8390404.2,0.0,-0.4,Neutro
2018-05,9613.41370967742,7152379.8,91.4,-0.1,Neutro
2018-06,9087.671527777778,6543123.5,28.2,0.1,Neutro
2018-07,8536.884677419355,6351442.2,20.9,0.1,Neutro
2018-08,9988.668888888888,7191841.6,48.4,0.3,Neutro
2018-09,8835.495972222221,6361557.1,141.0,0.5,El Nino
2018-10,11727.253494623656,8725076.6,374.4,0.8,El Nino
2018-11,12797.841168289293,9201647.8,290.7,1.0,El Nino
2018-12,10839.567876344086,8064638.5,187.6,0.9,El Nino
2019-01,10668.90994623656,7937669.0,170.4,0.9,El Nino
2019-02,9438.307589285714,6342542.7,125.3,0.9,El Nino
2019-03,9940.274596774194,7395564.3,307.20000000000005,0.8,El Nino
2019-04,9463.423611111111,6813665.0,245.3,0.8,El Nino
2019-05,8029.654704301075,5974063.1,386.4,0.6,El Nino
2019-06,7924.303333333334,5705498.4,4.1,0.5,El Nino
2019-07,8441.469892473118,6280453.6,131.0,0.3,Neutro
2019-08,8039.094354838709,5981086.2,64.7,0.2,Neutro
2019-09,9158.953055555556,6594446.2,10.7,0.2,Neutro
2019-10,9047.898252688172,6731636.3,113.6,0.4,Neutro
2019-11,8732.190277777778,6287177.0,310.3,0.6,El Nino
2019-12,9241.403629032258,6875604.3,92.2,0.7,El Nino
2020-01,10912.957661290322,8119240.5,220.7,0.6,El Nino
2020-02,10407.051149425286,7243307.6,93.1,0.6,El Nino
2020-03,9068.618279569891,6747052.0,44.4,0.5,El Nino
2020-04,6942.808611111112,4998822.2,104.0,0.3,Neutro
2020-05,7755.529838709677,5770114.2,117.9,0.0,Neutro
2020-06,7603.0952777777775,5474228.6,131.6,-0.2,Neutro
2020-07,7692.0021505376335,5722849.6,144.7,-0.4,Neutro
2020-08,8677.245430107527,6455870.6,51.3,-0.5,La Nina
2020-09,8986.180277777778,6470049.8,40.2,-0.8,La Nina
2020-10,8955.531451612904,6662915.4,33.5,-1.1,La Nina
2020-11,8602.603055555555,6193874.2,120.0,-1.2,La Nina
2020-12,8087.489650537635,6017092.3,84.80000000000001,-1.1,La Nina
2021-01,8826.011021505377,6566552.2,334.50000000000006,-0.9,La Nina
2021-02,10836.497767857143,7282126.5,33.6,-0.8,La Nina
2021-03,8441.859543010753,6280743.5,231.0,-0.7,La Nina
2021-04,6790.448194444445,4889122.7,27.9,-0.5,La Nina
2021-05,6907.321505376344,5139047.2,68.4,-0.4,Neutro
2021-06,5765.5975,4151230.2,108.6,-0.3,Neutro
2021-07,5294.742204301076,3939288.2,30.0,-0.3,Neutro
2021-08,5804.708602150537,4318703.2,44.0,-0.4,Neutro
2021-09,7681.894583333333,5530964.1,91.4,-0.6,La Nina
2021-10,8717.162768817203,6485569.1,155.5,-0.8,La Nina
2021-11,8361.662361111112,6020396.9,77.4,-0.9,La Nina
2021-12,7178.451075268817,5340767.6,0.5,-0.9,La Nina
2022-01,6312.386021505376,4696415.2,21.5,-0.8,La Nina
2022-02,6404.628124999999,4303910.1,61.400000000000006,-0.8,La Nina
2022-03,7721.198521505376,5744571.7,266.4,-0.9,La Nina
2022-04,6884.045972222221,4956513.1,261.40000000000003,-1.0,La Nina
2022-05,6890.958870967743,5126873.4,220.9,-0.9,La Nina
2022-06,7162.2209722222215,5156799.1,81.7,-0.8,La Nina
2022-07,7005.045698924731,5211754.0,46.3,-0.8,La Nina
2022-08,7606.476747311828,5659218.7,58.3,-0.9,La Nina
2022-09,8050.74375,5796535.5,76.39999999999999,-1.0,La Nina
2022-10,10450.095967741936,7774871.4,216.1,-0.9,La Nina
2022-11,11317.62902777778,8148692.9,92.8,-0.8,La Nina
2022-12,9301.051747311829,6919982.5,92.8,-0.7,La Nina
2023-01,8487.147580645162,6314437.8,77.6,-0.5,La Nina
2023-02,9644.456845238095,6481075.0,61.8,-0.3,Neutro
2023-03,10339.232795698925,7692389.2,101.5,0.0,Neutro
2023-04,9461.005277777778,6811923.8,141.7,0.3,Neutro
2023-05,9102.819623655914,6772497.8,169.2,0.6,El Nino
2023-06,8774.161805555555,6317396.5,40.7,0.8,El Nino
2023-07,8277.800000000001,6158683.2,52.1,1.1,El Nino
2023-08,8978.309139784946,6679862.0,,1.4,El Nino
2023-09,9487.667777777777,6831120.8,,1.6,El Nino
2023-10,9327.51680107527,6939672.5,,1.8,El Nino
2023-11,11053.83777777778,7958763.2,,2.0,El Nino
2023-12,11269.777150537637,8384714.2,,2.1,El Nino
