ano_mes,ano,mes,chuva_mm
1990-01,1990,1,224.9
1990-02,1990,2,84.3
1990-03,1990,3,142.6
1990-04,1990,4,373.40000000000003
1990-05,1990,5,134.0
1990-06,1990,6,239.20000000000002
1990-07,1990,7,53.0
1990-08,1990,8,141.1
1990-09,1990,9,261.4
1990-10,1990,10,282.9
1990-11,1990,11,252.29999999999998
1990-12,1990,12,261.5
1991-01,1991,1,103.2
1991-02,1991,2,11.7
1991-03,1991,3,83.0
1991-04,1991,4,204.29999999999998
1991-05,1991,5,186.89999999999998
1991-06,1991,6,140.1
1991-07,1991,7,68.7
1991-08,1991,8,5.5
1991-09,1991,9,55.0
1991-10,1991,10,149.70000000000002
1991-11,1991,11,115.8
1991-12,1991,12,269.40000000000003
1992-01,1992,1,45.0
1992-02,1992,2,199.8
1992-03,1992,3,233.49999999999997
1992-04,1992,4,226.8
1992-05,1992,5,136.10000000000002
1992-06,1992,6,251.2
1992-07,1992,7,37.5
1992-08,1992,8,93.5
1992-09,1992,9,107.4
1992-10,1992,10,297.20000000000005
1992-11,1992,11,130.60000000000002
1992-12,1992,12,131.4
1993-01,1993,1,207.89999999999998
1993-02,1993,2,53.0
1993-03,1993,3,158.89999999999995
1993-04,1993,4,64.2
1993-05,1993,5,38.9
1993-06,1993,6,75.0
1993-07,1993,7,121.7
1993-08,1993,8,25.099999999999998
1993-09,1993,9,140.4
1993-10,1993,10,190.9
1993-11,1993,11,148.7
1993-12,1993,12,185.5
1994-01,1994,1,236.0
1994-02,1994,2,245.7
1994-03,1994,3,117.4
1994-04,1994,4,226.5
1994-05,1994,5,190.6
1994-06,1994,6,162.39999999999998
1994-07,1994,7,140.6
1994-08,1994,8,53.7
1994-09,1994,9,254.79999999999998
1994-10,1994,10,214.79999999999998
1994-11,1994,11,252.4
1994-12,1994,12,129.0
1995-01,1995,1,176.3
1995-02,1995,2,186.4
1995-03,1995,3,235.60000000000002
1995-04,1995,4,68.2
1995-05,1995,5,56.800000000000004
1995-06,1995,6,175.0
1995-07,1995,7,45.800000000000004
1995-08,1995,8,21.1
1995-09,1995,9,179.7
1995-10,1995,10,160.79999999999998
1995-11,1995,11,9.3
1995-12,1995,12,166.8
1996-01,1996,1,196.6
1996-02,1996,2,314.2
1996-03,1996,3,54.900000000000006
1996-04,1996,4,84.19999999999999
1996-05,1996,5,85.80000000000001
1996-06,1996,6,52.599999999999994
1996-07,1996,7,68.1
1996-08,1996,8,115.5
1996-09,1996,9,108.69999999999999
1996-10,1996,10,472.3999999999999
1996-11,1996,11,196.49999999999997
1996-12,1996,12,385.5999999999999
1997-01,1997,1,86.19999999999999
1997-02,1997,2,92.89999999999999
1997-03,1997,3,97.0
1997-04,1997,4,97.29999999999998
1997-05,1997,5,121.2
1997-06,1997,6,132.1
1997-07,1997,7,97.1
1997-08,1997,8,94.39999999999999
1997-09,1997,9,166.2
1997-10,1997,10,457.3
1997-11,1997,11,291.6
1997-12,1997,12,537.0999999999999
1998-01,1998,1,125.9
1998-02,1998,2,261.7
1998-03,1998,3,192.10000000000002
1998-04,1998,4,446.79999999999995
1998-05,1998,5,160.8
1998-06,1998,6,112.2
1998-07,1998,7,123.80000000000001
1998-08,1998,8,212.39999999999998
1998-09,1998,9,219.4
1998-10,1998,10,227.3
1998-11,1998,11,62.0
1998-12,1998,12,120.5
1999-01,1999,1,114.0
1999-02,1999,2,116.5
1999-03,1999,3,59.5
1999-04,1999,4,61.9
1999-05,1999,5,123.4
1999-06,1999,6,113.0
1999-07,1999,7,168.0
1999-08,1999,8,12.0
1999-09,1999,9,190.0
1999-10,1999,10,149.0
1999-11,1999,11,24.0
1999-12,1999,12,273.0
2000-01,2000,1,222.0
2000-02,2000,2,136.6
2000-03,2000,3,41.0
2000-04,2000,4,123.0
2000-05,2000,5,144.0
2000-06,2000,6,187.0
2000-07,2000,7,89.0
2000-08,2000,8,41.0
2000-09,2000,9,85.0
2000-10,2000,10,416.0
2000-11,2000,11,143.0
2000-12,2000,12,154.4
2001-01,2001,1,281.0
2001-02,2001,2,156.0
2001-03,2001,3,139.0
2001-04,2001,4,136.2
2001-05,2001,5,37.0
2001-06,2001,6,102.0
2001-07,2001,7,57.0
2001-08,2001,8,88.0
2001-09,2001,9,122.0
2001-10,2001,10,48.0
2001-11,2001,11,187.0
2001-12,2001,12,38.0
2002-01,2002,1,354.20000000000005
2002-02,2002,2,33.2
2002-03,2002,3,195.0
2002-04,2002,4,202.0
2002-05,2002,5,255.2
2002-06,2002,6,47.0
2002-07,2002,7,140.4
2002-08,2002,8,242.89999999999998
2002-09,2002,9,189.39999999999998
2002-10,2002,10,467.8999999999998
2002-11,2002,11,95.6
2002-12,2002,12,273.6
2003-01,2003,1,256.6
2003-02,2003,2,195.0
2003-03,2003,3,191.00000000000003
2003-04,2003,4,103.2
2003-05,2003,5,6.4
2003-06,2003,6,44.2
2003-07,2003,7,40.0
2003-08,2003,8,70.0
2003-09,2003,9,78.2
2003-10,2003,10,250.00000000000003
2003-11,2003,11,224.6
2003-12,2003,12,312.3
2004-01,2004,1,70.8
2004-02,2004,2,41.2
2004-03,2004,3,59.4
2004-04,2004,4,230.4
2004-05,2004,5,56.0
2004-06,2004,6,94.6
2004-07,2004,7,62.8
2004-08,2004,8,22.4
2004-09,2004,9,150.4
2004-10,2004,10,213.0
2004-11,2004,11,300.7
2004-12,2004,12,92.0
2005-01,2005,1,135.4
2005-02,2005,2,
2005-03,2005,3,118.80000000000001
2005-04,2005,4,
2005-05,2005,5,233.6
2005-06,2005,6,
2005-07,2005,7,46.2
2005-08,2005,8,
2005-09,2005,9,93.0
2005-10,2005,10,90.1
2005-11,2005,11,152.6
2005-12,2005,12,
2006-01,2006,1,69.4
2006-02,2006,2,20.0
2006-03,2006,3,232.0
2006-04,2006,4,95.2
2006-05,2006,5,40.0
2006-06,2006,6,68.4
2006-07,2006,7,21.0
2006-08,2006,8,117.40000000000002
2006-09,2006,9,138.6
2006-10,2006,10,281.9
2006-11,2006,11,222.6
2006-12,2006,12,229.8
2007-01,2007,1,260.0
2007-02,2007,2,136.39999999999998
2007-03,2007,3,141.0
2007-04,2007,4,227.0
2007-05,2007,5,202.8
2007-06,2007,6,24.0
2007-07,2007,7,75.0
2007-08,2007,8,33.699999999999996
2007-09,2007,9,155.0
2007-10,2007,10,316.1
2007-11,2007,11,268.3
2007-12,2007,12,275.0
2008-01,2008,1,95.4
2008-02,2008,2,99.7
2008-03,2008,3,23.4
2008-04,2008,4,323.79999999999995
2008-05,2008,5,39.2
2008-06,2008,6,164.60000000000002
2008-07,2008,7,48.4
2008-08,2008,8,79.9
2008-09,2008,9,108.2
2008-10,2008,10,312.0
2008-11,2008,11,89.0
2008-12,2008,12,10.2
2009-01,2009,1,108.9
2009-02,2009,2,166.20000000000002
2009-03,2009,3,12.0
2009-04,2009,4,46.6
2009-05,2009,5,134.2
2009-06,2009,6,109.0
2009-07,2009,7,167.5
2009-08,2009,8,173.80000000000004
2009-09,2009,9,229.0
2009-10,2009,10,133.0
2009-11,2009,11,400.09999999999997
2009-12,2009,12,229.60000000000002
2010-01,2010,1,181.39999999999998
2010-02,2010,2,116.40000000000002
2010-03,2010,3,93.0
2010-04,2010,4,171.39999999999998
2010-05,2010,5,189.0
2010-06,2010,6,155.5
2010-07,2010,7,115.99999999999999
2010-08,2010,8,6.6
2010-09,2010,9,159.6
2010-10,2010,10,122.89999999999998
2010-11,2010,11,40.0
2010-12,2010,12,219.6
2011-01,2011,1,62.5
2011-02,2011,2,255.70000000000002
2011-03,2011,3,70.4
2011-04,2011,4,133.2
2011-05,2011,5,30.5
2011-06,2011,6,164.9
2011-07,2011,7,99.39999999999999
2011-08,2011,8,90.89999999999998
2011-09,2011,9,52.7
2011-10,2011,10,325.5
2011-11,2011,11,87.3
2011-12,2011,12,64.8
2012-01,2012,1,27.299999999999997
2012-02,2012,2,161.0
2012-03,2012,3,49.10000000000001
2012-04,2012,4,159.0
2012-05,2012,5,38.8
2012-06,2012,6,100.8
2012-07,2012,7,66.0
2012-08,2012,8,72.0
2012-09,2012,9,43.599999999999994
2012-10,2012,10,213.0
2012-11,2012,11,48.4
2012-12,2012,12,435.50000000000006
2013-01,2013,1,83.6
2013-02,2013,2,67.4
2013-03,2013,3,274.8
2013-04,2013,4,235.00000000000003
2013-05,2013,5,153.00000000000003
2013-06,2013,6,70.2
2013-07,2013,7,206.4
2013-08,2013,8,105.79999999999998
2013-09,2013,9,93.6
2013-10,2013,10,208.10000000000002
2013-11,2013,11,146.20000000000002
2013-12,2013,12,109.9
2014-01,2014,1,256.00000000000006
2014-02,2014,2,57.89999999999999
2014-03,2014,3,421.5
2014-04,2014,4,339.70000000000005
2014-05,2014,5,217.0
2014-06,2014,6,304.5
2014-07,2014,7,197.7
2014-08,2014,8,39.2
2014-09,2014,9,379.8
2014-10,2014,10,193.6
2014-11,2014,11,222.4
2014-12,2014,12,289.6
2015-01,2015,1,301.9
2015-02,2015,2,22.7
2015-03,2015,3,91.3
2015-04,2015,4,160.4
2015-05,2015,5,227.4
2015-06,2015,6,193.6
2015-07,2015,7,169.1
2015-08,2015,8,41.0
2015-09,2015,9,131.90000000000003
2015-10,2015,10,90.10000000000001
2015-11,2015,11,325.59999999999997
2015-12,2015,12,290.2
2016-01,2016,1,107.10000000000001
2016-02,2016,2,302.99999999999994
2016-03,2016,3,311.2
2016-04,2016,4,171.6
2016-05,2016,5,89.5
2016-06,2016,6,7.0
2016-07,2016,7,56.9
2016-08,2016,8,115.99999999999999
2016-09,2016,9,36.5
2016-10,2016,10,201.30000000000004
2016-11,2016,11,189.2
2016-12,2016,12,252.0
2017-01,2017,1,72.30000000000001
2017-02,2017,2,172.7
2017-03,2017,3,267.5
2017-04,2017,4,453.09999999999997
2017-05,2017,5,321.0
2017-06,2017,6,119.60000000000001
2017-07,2017,7,3.8
2017-08,2017,8,202.8
2017-09,2017,9,42.5
2017-10,2017,10,445.4
2017-11,2017,11,228.1
2017-12,2017,12,106.2
2018-01,2018,1,327.3
2018-02,2018,2,54.9
2018-03,2018,3,152.3
2018-04,2018,4,0.0
2018-05,2018,5,91.4
2018-06,2018,6,28.2
2018-07,2018,7,20.9
2018-08,2018,8,48.4
2018-09,2018,9,141.0
2018-10,2018,10,374.4
2018-11,2018,11,290.7
2018-12,2018,12,187.6
2019-01,2019,1,170.4
2019-02,2019,2,125.3
2019-03,2019,3,307.20000000000005
2019-04,2019,4,245.29999999999998
2019-05,2019,5,386.4
2019-06,2019,6,4.1
2019-07,2019,7,131.0
2019-08,2019,8,64.7
2019-09,2019,9,10.7
2019-10,2019,10,113.6
2019-11,2019,11,310.3
2019-12,2019,12,92.2
2020-01,2020,1,220.70000000000002
2020-02,2020,2,93.1
2020-03,2020,3,44.4
2020-04,2020,4,104.0
2020-05,2020,5,117.89999999999999
2020-06,2020,6,131.6
2020-07,2020,7,144.7
2020-08,2020,8,51.3
2020-09,2020,9,40.2
2020-10,2020,10,33.5
2020-11,2020,11,120.0
2020-12,2020,12,84.80000000000001
2021-01,2021,1,334.50000000000006
2021-02,2021,2,33.6
2021-03,2021,3,231.0
2021-04,2021,4,27.9
2021-05,2021,5,68.4
2021-06,2021,6,108.60000000000001
2021-07,2021,7,30.0
2021-08,2021,8,44.0
2021-09,2021,9,91.39999999999999
2021-10,2021,10,155.5
2021-11,2021,11,77.4
2021-12,2021,12,0.5
2022-01,2022,1,21.5
2022-02,2022,2,61.400000000000006
2022-03,2022,3,266.4
2022-04,2022,4,261.40000000000003
2022-05,2022,5,220.9
2022-06,2022,6,81.7
2022-07,2022,7,46.300000000000004
2022-08,2022,8,58.300000000000004
2022-09,2022,9,76.39999999999999
2022-10,2022,10,216.10000000000002
2022-11,2022,11,92.8
2022-12,2022,12,92.8
2023-01,2023,1,77.6
2023-02,2023,2,61.8
2023-03,2023,3,101.5
2023-04,2023,4,141.7
2023-05,2023,5,169.2
2023-06,2023,6,40.7
2023-07,2023,7,52.1
2023-08,2023,8,
2023-09,2023,9,
2023-10,2023,10,
2023-11,2023,11,
2023-12,2023,12,
