ena_data,ena_bruta_res_mwmed,ena_armazenavel_res_mwmed
2000-01-01,8734.282,8734.282
2000-01-02,8921.874,8921.874
2000-01-03,9279.593,9279.593
2000-01-04,9873.894,9873.894
2000-01-05,10613.766,10613.766
2000-01-06,11378.935,11378.935
2000-01-07,12134.596,12134.596
2000-01-08,13196.386,13196.386
2000-01-09,14680.622,14680.622
2000-01-10,16425.02,16425.02
2000-01-11,17786.607,17786.607
2000-01-12,18535.781,18535.781
2000-01-13,18818.783,18818.783
2000-01-14,18823.295,18823.295
2000-01-15,18586.2,18586.2
2000-01-16,18137.419,18137.419
2000-01-17,17494.293,17494.293
2000-01-18,16637.918,16637.918
2000-01-19,15671.836,15671.836
2000-01-20,14774.963,14774.963
2000-01-21,13958.049,13958.049
2000-01-22,13215.361,13215.361
2000-01-23,12900.011,12900.011
2000-01-24,13004.806,13004.806
2000-01-25,13116.477,13116.477
2000-01-26,12839.746,12839.746
2000-01-27,12367.477,12367.477
2000-01-28,11810.098,11810.098
2000-01-29,11412.763,11412.763
2000-01-30,11220.125,11220.125
2000-01-31,11370.198,11370.198
2000-02-01,11600.787,11600.787
2000-02-02,12373.233,12373.233
2000-02-03,14209.463,14209.463
2000-02-04,15690.38,15690.38
2000-02-05,16465.231,16465.231
2000-02-06,17543.128,17543.128
2000-02-07,18357.945,18357.945
2000-02-08,17938.335,17938.335
2000-02-09,17131.547,17131.547
2000-02-10,16908.76,16908.76
2000-02-11,17097.749,17097.749
2000-02-12,17331.977,17331.977
2000-02-13,17939.486,17939.486
2000-02-14,18816.994,18816.994
2000-02-15,19757.759,19757.759
2000-02-16,21330.559,21330.559
2000-02-17,23653.562,23653.562
2000-02-18,25623.08,25623.08
2000-02-19,26531.076,26531.076
2000-02-20,27083.901,27083.901
2000-02-21,26426.055,26426.055
2000-02-22,24539.643,24539.643
2000-02-23,22891.939,22891.939
2000-02-24,22407.141,22407.141
2000-02-25,22024.865,22024.865
2000-02-26,21119.511,21119.511
2000-02-27,19829.733,19829.733
2000-02-28,18445.768,18445.768
2000-02-29,17503.667,17503.667
2000-03-01,16964.976,16964.976
2000-03-02,17337.908,17337.908
2000-03-03,17105.161,17105.161
2000-03-04,17105.921,17105.921
2000-03-05,17295.548,17295.548
2000-03-06,17620.406,17620.406
2000-03-07,17726.547,17726.547
2000-03-08,17776.503,17776.503
2000-03-09,17519.404,17519.404
2000-03-10,17176.445,17176.445
2000-03-11,16685.181,16685.181
2000-03-12,16191.234,16191.234
2000-03-13,15840.155,15840.155
2000-03-14,16070.497,16070.497
2000-03-15,16934.529,16934.529
2000-03-16,17731.378,17731.378
2000-03-17,18070.431,18070.431
2000-03-18,17956.58,17956.58
2000-03-19,18022.387,18022.387
2000-03-20,18385.533,18385.533
2000-03-21,18860.67,18860.67
2000-03-22,19425.748,19425.748
2000-03-23,19995.276,19995.276
2000-03-24,20287.703,20287.703
2000-03-25,20175.847,20175.847
2000-03-26,19840.793,19677.357
2000-03-27,19403.442,19403.442
2000-03-28,18927.812,18927.812
2000-03-29,18395.782,18395.782
2000-03-30,17913.193,17913.193
2000-03-31,17256.93,17256.93
2000-04-01,16833.404,15577.311
2000-04-02,16364.034,12610.144
2000-04-03,15952.042,15298.297
2000-04-04,15494.308,15494.308
2000-04-05,15097.816,15097.816
2000-04-06,14739.5,14739.5
2000-04-07,14252.635,14252.635
2000-04-08,13606.559,13606.559
2000-04-09,12932.945,12264.81
2000-04-10,12282.069,12282.069
2000-04-11,11699.167,11699.167
2000-04-12,11257.468,11257.468
2000-04-13,10890.302,10890.302
2000-04-14,10589.888,10589.888
2000-04-15,10329.994,10329.994
2000-04-16,10144.705,10144.705
2000-04-17,10045.06,10045.06
2000-04-18,9982.204,9982.204
2000-04-19,9965.521,9965.521
2000-04-20,9954.029,9954.029
2000-04-21,10178.091,10178.091
2000-04-22,10591.708,10591.708
2000-04-23,10949.294,10949.294
2000-04-24,11099.274,11099.274
2000-04-25,10965.524,10965.524
2000-04-26,10683.993,10683.993
2000-04-27,10346.8,10346.8
2000-04-28,10022.179,10022.179
2000-04-29,9772.811,9772.811
2000-04-30,9547.968,9547.968
2000-05-01,9375.383,9375.383
2000-05-02,9261.831,9261.831
2000-05-03,9107.451,9107.451
2000-05-04,8978.049,8978.049
2000-05-05,8849.489,8849.489
2000-05-06,8816.524,8816.524
2000-05-07,8866.922,8866.922
2000-05-08,8941.671,8941.671
2000-05-09,8974.605,8974.605
2000-05-10,8932.564,8932.564
2000-05-11,8802.555,8802.555
2000-05-12,8595.464,8595.464
2000-05-13,8428.019,8428.019
2000-05-14,8275.088,8275.088
2000-05-15,8143.497,8143.497
2000-05-16,7993.362,7993.362
2000-05-17,7869.397,7839.588
2000-05-18,7784.461,7760.82
2000-05-19,7759.329,7759.329
2000-05-20,7757.911,7757.911
2000-05-21,7739.203,7739.203
2000-05-22,7729.602,7729.602
2000-05-23,7698.025,7698.025
2000-05-24,7662.131,7662.131
2000-05-25,7580.814,7580.814
2000-05-26,7555.939,7555.939
2000-05-27,7531.012,7531.012
2000-05-28,7519.078,7519.078
2000-05-29,7486.73,7486.73
2000-05-30,7438.254,7438.254
2000-05-31,7442.51,7442.51
2000-06-01,7654.617,7654.617
2000-06-02,7703.761,7703.761
2000-06-03,7725.964,7725.964
2000-06-04,7746.953,7746.953
2000-06-05,7829.155,7829.155
2000-06-06,7850.833,7850.833
2000-06-07,7832.351,7832.351
2000-06-08,7744.497,7744.497
2000-06-09,7667.959,7667.959
2000-06-10,7624.304,7624.304
2000-06-11,7568.736,7568.736
2000-06-12,7445.172,7445.172
2000-06-13,7314.67,7314.67
2000-06-14,7232.695,7232.695
2000-06-15,7192.617,7192.617
2000-06-16,7146.228,7146.228
2000-06-17,7108.874,7108.874
2000-06-18,7101.586,7101.586
2000-06-19,7176.356,7176.356
2000-06-20,7291.871,7291.871
2000-06-21,7656.807,7656.807
2000-06-22,8200.853,8200.853
2000-06-23,8276.877,8276.877
2000-06-24,8210.403,8210.403
2000-06-25,8232.955,8232.955
2000-06-26,8159.45,8159.45
2000-06-27,7936.817,7936.817
2000-06-28,7759.185,7759.185
2000-06-29,7812.328,7812.328
2000-06-30,8117.933,8117.933
2000-07-01,8251.611,8251.611
2000-07-02,8450.489,8450.489
2000-07-03,8299.121,8299.121
2000-07-04,8116.658,8116.658
2000-07-05,8027.498,8027.498
2000-07-06,7910.431,7910.431
2000-07-07,7682.751,7682.751
2000-07-08,7423.124,7423.124
2000-07-09,7205.702,7205.702
2000-07-10,7009.456,7009.456
2000-07-11,6889.993,6889.993
2000-07-12,6845.608,6845.608
2000-07-13,6854.808,6854.808
2000-07-14,6867.092,6867.092
2000-07-15,6843.758,6843.758
2000-07-16,6730.175,6730.175
2000-07-17,6694.661,6694.661
2000-07-18,6676.745,6676.745
2000-07-19,6700.418,6700.418
2000-07-20,6708.045,6708.045
2000-07-21,6677.722,6677.722
2000-07-22,6628.064,6628.064
2000-07-23,6589.086,6589.086
2000-07-24,6825.153,6825.153
2000-07-25,7403.182,7403.182
2000-07-26,9080.027,9080.027
2000-07-27,10049.655,10049.655
2000-07-28,9725.784,9725.784
2000-07-29,9088.26,9088.26
2000-07-30,8592.103,8592.103
2000-07-31,8232.348,8232.348
2000-08-01,8132.025,8132.025
2000-08-02,7930.362,7930.362
2000-08-03,7765.826,7765.826
2000-08-04,7643.403,7643.403
2000-08-05,7528.031,7528.031
2000-08-06,7464.898,7464.898
2000-08-07,7401.497,7401.497
2000-08-08,7334.293,7334.293
2000-08-09,7292.252,7292.252
2000-08-10,7194.611,7194.611
2000-08-11,7080.514,7080.514
2000-08-12,7024.453,7024.453
2000-08-13,7017.299,7017.299
2000-08-14,7022.51,7022.51
2000-08-15,7026.437,7026.437
2000-08-16,6950.177,6950.177
2000-08-17,6881.698,6881.698
2000-08-18,6845.968,6845.968
2000-08-19,6979.564,6979.564
2000-08-20,7261.209,7261.209
2000-08-21,7475.372,7475.372
2000-08-22,7550.018,7550.018
2000-08-23,7503.68,7503.68
2000-08-24,7331.497,7331.497
2000-08-25,7126.842,7126.842
2000-08-26,6998.704,6998.704
2000-08-27,6883.774,6883.774
2000-08-28,6841.723,6841.723
2000-08-29,7715.633,7715.633
2000-08-30,10576.855,10576.855
2000-08-31,13197.763,13197.763
2000-09-01,11781.461,11781.461
2000-09-02,10770.213,10770.213
2000-09-03,10864.985,10864.985
2000-09-04,12273.219,12090.252
2000-09-05,14875.388,13569.955
2000-09-06,15785.83,14793.907
2000-09-07,14755.011,14752.955
2000-09-08,13385.725,13385.725
2000-09-09,12398.54,12398.54
2000-09-10,11947.117,11947.117
2000-09-11,11832.219,11832.219
2000-09-12,11625.385,11625.385
2000-09-13,11189.164,11189.164
2000-09-14,11537.376,11537.376
2000-09-15,15456.717,13908.7
2000-09-16,20839.233,15767.575
2000-09-17,23535.569,15744.087
2000-09-18,22638.685,16551.462
2000-09-19,19221.966,14465.873
2000-09-20,16044.604,12050.185
2000-09-21,14759.709,12811.838
2000-09-22,14877.208,13789.69
2000-09-23,14117.066,13367.726
2000-09-24,13127.054,11645.85
2000-09-25,12448.013,12055.355
2000-09-26,11955.618,11955.618
2000-09-27,11695.59,11695.59
2000-09-28,11272.64,9734.902
2000-09-29,10683.037,10447.648
2000-09-30,10162.354,9820.063
2000-10-01,10049.295,9384.244
2000-10-02,9773.17,9773.17
2000-10-03,9479.16,9479.16
2000-10-04,9215.689,9215.689
2000-10-05,8827.79,8827.79
2000-10-06,8644.557,8644.557
2000-10-07,9201.925,8969.62
2000-10-08,10173.394,8366.345
2000-10-09,10609.418,9986.511
2000-10-10,9990.242,8597.438
2000-10-11,9045.376,8001.03
2000-10-12,8603.79,7488.519
2000-10-13,8896.845,8377.755
2000-10-14,9464.091,7295.222
2000-10-15,9611.101,6357.798
2000-10-16,9873.134,7854.338
2000-10-17,10403.715,8947.181
2000-10-18,10721.974,8815.219
2000-10-19,9974.269,9701.875
2000-10-20,8917.176,8868.865
2000-10-21,8233.726,6826.531
2000-10-22,7748.033,5399.281
2000-10-23,7422.363,7129.412
2000-10-24,7178.196,7178.196
2000-10-25,6994.561,6994.561
2000-10-26,6921.231,6921.231
2000-10-27,6930.575,6930.575
2000-10-28,7130.337,7120.058
2000-10-29,7522.923,6201.043
2000-10-30,7903.359,7847.852
2000-10-31,8009.397,7707.194
2000-11-01,8383.727,7936.591
2000-11-02,8142.51,8142.51
2000-11-03,8147.341,8147.341
2000-11-04,8189.814,7606.995
2000-11-05,8109.309,5901.379
2000-11-06,7958.3,7569.754
2000-11-07,7983.432,7983.432
2000-11-08,8151.782,8151.782
2000-11-09,8351.03,8351.03
2000-11-10,8475.498,8475.498
2000-11-11,8502.83,8502.83
2000-11-12,8439.984,8115.168
2000-11-13,8325.106,8139.056
2000-11-14,8473.35,8473.35
2000-11-15,9019.36,9019.36
2000-11-16,9445.712,9445.712
2000-11-17,9617.567,9617.567
2000-11-18,9716.184,9716.184
2000-11-19,9829.17,9829.17
2000-11-20,9842.687,9842.687
2000-11-21,10037.875,10037.875
2000-11-22,10662.972,10662.972
2000-11-23,11503.383,11503.383
2000-11-24,11953.984,11953.984
2000-11-25,12119.64,12119.64
2000-11-26,12165.042,12165.042
2000-11-27,12354.351,12354.351
2000-11-28,12563.97,12563.97
2000-11-29,12613.587,12613.587
2000-11-30,12418.882,12418.882
2000-12-01,12196.876,12196.876
2000-12-02,12730.922,12730.922
2000-12-03,13301.776,13171.233
2000-12-04,13211.167,13211.167
2000-12-05,13022.702,13022.702
2000-12-06,13545.07,13545.07
2000-12-07,14222.179,14222.179
2000-12-08,13963.559,13963.559
2000-12-09,13407.712,13407.712
2000-12-10,12715.421,12715.421
2000-12-11,11984.841,11984.841
2000-12-12,11472.68,11472.68
2000-12-13,11253.017,11253.017
2000-12-14,11136.258,11136.258
2000-12-15,11047.509,11047.509
2000-12-16,11202.239,11202.239
2000-12-17,11879.862,11879.862
2000-12-18,13099.403,13099.403
2000-12-19,14248.534,14248.534
2000-12-20,15112.114,15112.114
2000-12-21,15838.993,15838.993
2000-12-22,15890.378,15890.378
2000-12-23,15539.463,15539.463
2000-12-24,15319.986,15319.986
2000-12-25,15093.087,15093.087
2000-12-26,15132.59,15132.59
2000-12-27,15309.481,15309.481
2000-12-28,15110.88,15110.88
2000-12-29,14796.59,14796.59
2000-12-30,14584.041,14584.041
2000-12-31,14822.75,14822.75
2001-01-01,15227.876,14329.491
2001-01-02,15727.086,15727.086
2001-01-03,15568.244,15568.244
2001-01-04,15310.427,15310.427
2001-01-05,15099.573,15099.573
2001-01-06,14986.391,14986.391
2001-01-07,14935.829,14935.829
2001-01-08,14700.872,14700.872
2001-01-09,14198.434,14198.434
2001-01-10,13667.791,13667.791
2001-01-11,13296.627,13296.627
2001-01-12,13208.854,13208.854
2001-01-13,13455.355,13455.355
2001-01-14,15644.35,13577.243
2001-01-15,18607.971,16271.554
2001-01-16,19355.604,14391.875
2001-01-17,18095.82,13034.44
2001-01-18,16325.889,12037.49
2001-01-19,14979.268,12371.486
2001-01-20,14009.249,11352.128
2001-01-21,13190.157,8794.856
2001-01-22,12545.078,9666.958
2001-01-23,12027.108,8950.604
2001-01-24,11543.111,9602.436
2001-01-25,11396.708,10351.333
2001-01-26,11583.97,10966.203
2001-01-27,11566.26,9254.513
2001-01-28,11741.928,9335.614
2001-01-29,11936.088,11040.787
2001-01-30,11938.246,11228.995
2001-01-31,11922.89,11922.89
2001-02-01,12136.785,10900.222
2001-02-02,12453.235,11852.941
2001-02-03,13077.005,12108.724
2001-02-04,13927.007,10900.869
2001-02-05,14363.443,14363.443
2001-02-06,14628.168,12928.022
2001-02-07,14742.101,13246.506
2001-02-08,14882.697,13630.715
2001-02-09,15328.148,13979.543
2001-02-10,14988.324,12274.668
2001-02-11,14059.359,10320.887
2001-02-12,13340.107,11330.562
2001-02-13,13296.873,11925.655
2001-02-14,13624.105,11981.521
2001-02-15,14276.565,11447.784
2001-02-16,15461.004,12118.273
2001-02-17,16929.606,12521.97
2001-02-18,17894.423,11972.691
2001-02-19,18223.3,12305.68
2001-02-20,18281.058,14985.61
2001-02-21,19248.055,16157.159
2001-02-22,21419.617,17042.818
2001-02-23,21481.794,15271.222
2001-02-24,19828.818,13571.991
2001-02-25,18408.507,11524.661
2001-02-26,17562.977,11198.22
2001-02-27,17016.011,10986.349
2001-02-28,16309.525,13130.23
2001-03-01,15829.496,14074.87
2001-03-02,14843.503,14349.083
2001-03-03,13979.882,13979.882
2001-03-04,13318.994,11714.442
2001-03-05,12817.923,12817.923
2001-03-06,12438.053,12438.053
2001-03-07,12165.926,12165.926
2001-03-08,12072.922,12072.922
2001-03-09,12248.981,12248.981
2001-03-10,12580.653,12326.762
2001-03-11,12938.403,12938.403
2001-03-12,13475.862,13475.862
2001-03-13,14106.036,14106.036
2001-03-14,14382.274,14382.274
2001-03-15,14508.089,14508.089
2001-03-16,14697.665,14697.665
2001-03-17,14815.328,14815.328
2001-03-18,14704.87,14704.87
2001-03-19,14324.835,14324.835
2001-03-20,13919.945,13919.945
2001-03-21,13724.5,13724.5
2001-03-22,13437.161,13437.161
2001-03-23,13127.424,13127.424
2001-03-24,12719.862,12719.862
2001-03-25,12483.033,12483.033
2001-03-26,12191.511,12191.511
2001-03-27,11804.794,11804.794
2001-03-28,11390.468,11390.468
2001-03-29,11335.65,11335.65
2001-03-30,11421.644,11421.644
2001-03-31,11518.031,11518.031
2001-04-01,11914.841,11914.841
2001-04-02,12004.618,12004.618
2001-04-03,12077.907,12077.907
2001-04-04,12438.31,12438.31
2001-04-05,12783.077,12783.077
2001-04-06,12766.045,12766.045
2001-04-07,12606.042,12606.042
2001-04-08,12309.462,12309.462
2001-04-09,12051.624,12051.624
2001-04-10,11942.399,11942.399
2001-04-11,12035.424,12035.424
2001-04-12,11887.89,11887.89
2001-04-13,11383.571,11383.571
2001-04-14,10858.037,10858.037
2001-04-15,10378.84,10378.84
2001-04-16,9938.292,9938.292
2001-04-17,9552.182,9552.182
2001-04-18,9221.64,9221.64
2001-04-19,8944.745,8944.745
2001-04-20,8729.605,8729.605
2001-04-21,8556.589,8556.589
2001-04-22,8414.492,8414.492
2001-04-23,8400.132,8400.132
2001-04-24,8524.272,8524.272
2001-04-25,8729.42,8729.42
2001-04-26,9121.184,9121.184
2001-04-27,9566.912,9566.912
2001-04-28,9928.332,9928.332
2001-04-29,10010.06,10010.06
2001-04-30,9772.328,9772.328
2001-05-01,9116.229,9116.229
2001-05-02,8711.422,8711.422
2001-05-03,8351.975,8351.975
2001-05-04,8139.169,8139.169
2001-05-05,7929.323,7929.323
2001-05-06,7776.691,7776.691
2001-05-07,7699.567,7699.567
2001-05-08,7650.269,7650.269
2001-05-09,7612.144,7612.144
2001-05-10,7547.787,7547.787
2001-05-11,7502.241,7502.241
2001-05-12,7455.482,7455.482
2001-05-13,7350.688,7350.688
2001-05-14,7403.686,7403.686
2001-05-15,7470.592,7470.592
2001-05-16,7636.372,7636.372
2001-05-17,7823.182,7823.182
2001-05-18,8218.153,8218.153
2001-05-19,8943.275,8943.275
2001-05-20,9615.706,9615.706
2001-05-21,10107.814,10107.814
2001-05-22,10223.966,10223.966
2001-05-23,10052.605,10052.605
2001-05-24,10133.85,10133.85
2001-05-25,10448.881,10448.881
2001-05-26,10621.928,10621.928
2001-05-27,10485.783,10485.783
2001-05-28,10165.417,10165.417
2001-05-29,10149.043,10149.043
2001-05-30,10935.993,10935.993
2001-05-31,11559.63,11559.63
2001-06-01,11325.978,11325.978
2001-06-02,11282.241,11282.241
2001-06-03,10774.067,10774.067
2001-06-04,10089.774,10089.774
2001-06-05,9458.88,9458.88
2001-06-06,8955.517,8955.517
2001-06-07,8536.73,8536.73
2001-06-08,8310.613,8310.613
2001-06-09,8401.356,8401.356
2001-06-10,8652.872,8652.872
2001-06-11,8826.896,8826.896
2001-06-12,8722.893,8722.893
2001-06-13,8413.557,8413.557
2001-06-14,8128.119,8128.119
2001-06-15,7878.329,7878.329
2001-06-16,7683.059,7683.059
2001-06-17,7503.732,7503.732
2001-06-18,7398.711,7398.711
2001-06-19,7366.98,7366.98
2001-06-20,7420.359,7420.359
2001-06-21,7739.439,7739.439
2001-06-22,8410.576,8410.576
2001-06-23,9232.454,9232.454
2001-06-24,9628.781,9628.781
2001-06-25,9354.805,9354.805
2001-06-26,8831.172,8831.172
2001-06-27,8510.601,8510.601
2001-06-28,8707.978,8707.978
2001-06-29,9497.21,9497.21
2001-06-30,10077.007,10077.007
2001-07-01,10045.79,10045.79
2001-07-02,9493.52,9493.52
2001-07-03,8955.712,8955.712
2001-07-04,8577.702,8577.702
2001-07-05,8300.488,8300.488
2001-07-06,8055.344,8055.344
2001-07-07,7859.426,7859.426
2001-07-08,7642.591,7642.591
2001-07-09,7424.316,7424.316
2001-07-10,7274.037,7274.037
2001-07-11,7172.614,7172.614
2001-07-12,7090.608,7090.608
2001-07-13,7055.208,7055.208
2001-07-14,7060.522,7060.522
2001-07-15,7087.329,7087.329
2001-07-16,7118.125,7118.125
2001-07-17,7070.523,7070.523
2001-07-18,6961.998,6961.998
2001-07-19,6838.444,6838.444
2001-07-20,6752.491,6752.491
2001-07-21,6756.849,6756.849
2001-07-22,7033.498,7033.498
2001-07-23,7462.513,7462.513
2001-07-24,7499.322,7499.322
2001-07-25,7171.34,7171.34
2001-07-26,6865.622,6865.622
2001-07-27,6758.782,6758.782
2001-07-28,6776.462,6776.462
2001-07-29,7167.578,7167.578
2001-07-30,8397.254,8397.254
2001-07-31,9505.855,9505.855
2001-08-01,9366.708,9366.708
2001-08-02,8615.066,8615.066
2001-08-03,7998.45,7998.45
2001-08-04,7624.345,7624.345
2001-08-05,7365.859,7365.859
2001-08-06,7136.37,7136.37
2001-08-07,6913.409,6913.409
2001-08-08,6703.758,6703.758
2001-08-09,6525.181,6525.181
2001-08-10,6383.855,6383.855
2001-08-11,6277.632,6277.632
2001-08-12,6179.385,6179.385
2001-08-13,6047.65,6047.65
2001-08-14,5936.801,5936.801
2001-08-15,5839.582,5839.582
2001-08-16,5740.852,5740.852
2001-08-17,5628.544,5628.544
2001-08-18,5533.33,5533.33
2001-08-19,5459.239,5459.239
2001-08-20,5424.434,5424.434
2001-08-21,5377.634,5377.634
2001-08-22,5352.512,5352.512
2001-08-23,5323.525,5323.525
2001-08-24,5304.899,5304.899
2001-08-25,5302.864,5302.864
2001-08-26,5336.723,5336.723
2001-08-27,5422.892,5422.892
2001-08-28,5700.929,5700.929
2001-08-29,6071.918,6071.918
2001-08-30,6391.719,6391.719
2001-08-31,7088.316,7088.316
2001-09-01,6958.688,6958.688
2001-09-02,9178.962,9178.962
2001-09-03,9222.884,9222.884
2001-09-04,8063.608,8063.608
2001-09-05,7222.365,7222.365
2001-09-06,6665.109,6665.109
2001-09-07,6314.832,6314.832
2001-09-08,6073.542,6073.542
2001-09-09,5874.109,5874.109
2001-09-10,5718.804,5718.804
2001-09-11,5575.268,5575.268
2001-09-12,5384.592,5384.592
2001-09-13,5207.084,5207.084
2001-09-14,5053.074,5053.074
2001-09-15,4944.775,4944.775
2001-09-16,5021.25,5021.25
2001-09-17,5316.247,5316.247
2001-09-18,5813.761,5813.761
2001-09-19,6366.083,6366.083
2001-09-20,6482.431,6482.431
2001-09-21,6345.422,6345.422
2001-09-22,6213.984,6213.984
2001-09-23,6208.557,6208.557
2001-09-24,6332.676,6332.676
2001-09-25,6719.989,6719.989
2001-09-26,7662.84,7662.84
2001-09-27,8273.033,8273.033
2001-09-28,8269.558,8269.558
2001-09-29,8179.884,8179.884
2001-09-30,8127.801,8127.801
2001-10-01,8774.761,8774.761
2001-10-02,8350.423,8350.423
2001-10-03,8730.016,8730.016
2001-10-04,10215.486,10215.486
2001-10-05,11739.656,11739.656
2001-10-06,11795.954,11795.954
2001-10-07,10619.944,10619.944
2001-10-08,9576.708,9576.708
2001-10-09,9184.215,9184.215
2001-10-10,9474.607,9474.607
2001-10-11,10654.225,10654.225
2001-10-12,11816.677,11816.677
2001-10-13,11939.089,11939.089
2001-10-14,11033.314,11033.314
2001-10-15,10211.364,10211.364
2001-10-16,9476.405,9476.405
2001-10-17,8892.147,8892.147
2001-10-18,8411.285,8411.285
2001-10-19,8047.141,8047.141
2001-10-20,7942.131,7942.131
2001-10-21,8014.927,8014.927
2001-10-22,8096.203,8096.203
2001-10-23,8384.519,8384.519
2001-10-24,8537.203,8537.203
2001-10-25,8459.905,8459.905
2001-10-26,8320.881,8320.881
2001-10-27,8114.602,8114.602
2001-10-28,7906.37,7906.37
2001-10-29,7673.808,7673.808
2001-10-30,7361.82,7361.82
2001-10-31,7032.213,7032.213
2001-11-01,6858.488,6858.488
2001-11-02,6567.88,6567.88
2001-11-03,6382.817,6382.817
2001-11-04,6268.72,6268.72
2001-11-05,6216.451,6216.451
2001-11-06,6253.23,6253.23
2001-11-07,6439.166,6439.166
2001-11-08,6675.933,6675.933
2001-11-09,6872.868,6872.868
2001-11-10,7090.403,7090.403
2001-11-11,7049.667,7049.667
2001-11-12,7057.346,7057.346
2001-11-13,7273.554,7273.554
2001-11-14,7621.868,7621.868
2001-11-15,8388.25,8388.25
2001-11-16,9284.928,9284.928
2001-11-17,9946.351,9946.351
2001-11-18,10315.634,10315.634
2001-11-19,10572.085,10572.085
2001-11-20,10841.025,10841.025
2001-11-21,11280.791,11280.791
2001-11-22,11849.672,11849.672
2001-11-23,12370.149,12370.149
2001-11-24,12567.095,12567.095
2001-11-25,12443.768,12443.768
2001-11-26,12203.003,12203.003
2001-11-27,12034.509,12034.509
2001-11-28,11726.653,11726.653
2001-11-29,11505.737,11505.737
2001-11-30,11290.926,11290.926
2001-12-01,11083.26,11083.26
2001-12-02,10988.57,10988.57
2001-12-03,11035.678,11035.678
2001-12-04,10996.947,10996.947
2001-12-05,11004.348,11004.348
2001-12-06,11025.728,11025.728
2001-12-07,10867.73,10867.73
2001-12-08,10788.674,10788.674
2001-12-09,11123.492,11123.492
2001-12-10,11453.746,11453.746
2001-12-11,11531.445,11531.445
2001-12-12,11459.183,11459.183
2001-12-13,11551.664,11551.664
2001-12-14,11702.23,11702.23
2001-12-15,11735.668,11735.668
2001-12-16,12140.928,12140.928
2001-12-17,13104.718,13104.718
2001-12-18,13857.017,13857.017
2001-12-19,14109.12,14109.12
2001-12-20,13861.828,13861.828
2001-12-21,13337.516,13337.516
2001-12-22,12870.798,12870.798
2001-12-23,12924.917,12924.917
2001-12-24,13724.87,13724.87
2001-12-25,14696.811,14696.811
2001-12-26,15106.224,15106.224
2001-12-27,15110.356,15110.356
2001-12-28,15003.547,15003.547
2001-12-29,14804.761,14804.761
2001-12-30,14865.325,14865.325
2001-12-31,15195.096,14519.766
2010-01-01,20438.0,5626.0
2010-01-02,21298.0,6448.0
2010-01-03,22290.0,8012.0
2010-01-04,23799.0,10448.0
2010-01-05,24980.0,12286.0
2010-01-06,25662.0,12795.0
2010-01-07,25787.0,12456.0
2010-01-08,25528.0,11923.0
2010-01-09,25062.0,10613.0
2010-01-10,24437.0,8819.0
2010-01-11,23828.0,9440.0
2010-01-12,23590.0,9714.0
2010-01-13,24821.0,11588.0
2010-01-14,26293.0,13725.0
2010-01-15,26878.0,13403.0
2010-01-16,26528.0,11041.0
2010-01-17,25973.0,10642.0
2010-01-18,25206.0,10982.0
2010-01-19,24592.0,10270.0
2010-01-20,24969.0,10628.0
2010-01-21,24409.0,11077.0
2010-01-22,24125.0,10876.0
2010-01-23,24573.0,11362.0
2010-01-24,23959.0,9186.0
2010-01-25,22868.0,8391.0
2010-01-26,22106.0,7516.0
2010-01-27,22085.0,8331.0
2010-01-28,22705.0,7632.0
2010-01-29,23585.0,8065.0
2010-01-30,24107.0,8280.0
2010-01-31,24661.0,8076.0
2010-02-01,25677.0,9397.0
2010-02-02,27230.0,11881.0
2010-02-03,29122.0,13125.0
2010-02-04,31015.0,15043.0
2010-02-05,32402.0,16121.0
2010-02-06,32509.0,16304.0
2010-02-07,31017.0,13909.0
2010-02-08,30088.0,13894.0
2010-02-09,29705.0,14575.0
2010-02-10,28088.0,15479.0
2010-02-11,25131.0,13117.0
2010-02-12,22212.0,11758.0
2010-02-13,20608.0,9873.0
2010-02-14,20497.0,9716.0
2010-02-15,20699.0,10672.0
2010-02-16,20871.0,9270.0
2010-02-17,20934.0,11206.0
2010-02-18,20835.0,11008.0
2010-02-19,20867.0,10643.0
2010-02-20,21246.0,10574.0
2010-02-21,20904.0,9194.0
2010-02-22,21274.0,10074.0
2010-02-23,21470.0,12736.0
2010-02-24,21525.0,13000.0
2010-02-25,20500.0,13977.0
2010-02-26,19695.0,14390.0
2010-02-27,18808.0,13181.0
2010-02-28,18331.0,11349.0
2010-03-01,17773.0,11167.0
2010-03-02,17479.0,11650.0
2010-03-03,17194.0,12966.0
2010-03-04,17268.0,14014.0
2010-03-05,17761.0,14736.0
2010-03-06,18939.0,14112.0
2010-03-07,20068.0,12882.0
2010-03-08,20542.0,13607.0
2010-03-09,20513.0,12878.0
2010-03-10,20147.0,12985.0
2010-03-11,19753.0,12790.0
2010-03-12,19315.0,12217.0
2010-03-13,19026.0,11987.0
2010-03-14,18720.0,11491.0
2010-03-15,18270.0,11990.0
2010-03-16,17696.0,11838.0
2010-03-17,17178.0,12491.0
2010-03-18,16710.0,12779.0
2010-03-19,16189.0,12036.0
2010-03-20,15683.0,11288.0
2010-03-21,15289.0,10822.0
2010-03-22,15216.0,10410.0
2010-03-23,15456.0,10508.0
2010-03-24,15753.0,11735.0
2010-03-25,16009.0,12194.0
2010-03-26,16325.0,12176.0
2010-03-27,16672.0,11470.0
2010-03-28,17123.0,10727.0
2010-03-29,17645.0,11864.0
2010-03-30,18451.0,13606.0
2010-03-31,19370.0,12402.0
2010-04-01,19879.0,11783.0
2010-04-02,19743.0,10517.0
2010-04-03,19292.0,9927.0
2010-04-04,18723.0,9692.0
2010-04-05,18102.0,9683.0
2010-04-06,17752.0,9742.0
2010-04-07,17889.0,9398.0
2010-04-08,18594.0,10094.0
2010-04-09,19818.0,10717.0
2010-04-10,20674.0,10964.0
2010-04-11,20607.0,10398.0
2010-04-12,19854.0,10604.0
2010-04-13,18731.0,10316.0
2010-04-14,17556.0,9381.0
2010-04-15,16389.0,8442.0
2010-04-16,15633.0,8513.0
2010-04-17,15095.0,9088.0
2010-04-18,14642.0,8781.0
2010-04-19,14290.0,10468.0
2010-04-20,14020.0,11260.0
2010-04-21,13935.0,11232.0
2010-04-22,13799.0,9625.0
2010-04-23,13751.0,9211.0
2010-04-24,13869.0,9686.0
2010-04-25,14197.0,9877.0
2010-04-26,14300.0,9465.0
2010-04-27,14322.0,9203.0
2010-04-28,14524.0,10555.0
2010-04-29,14749.0,9296.0
2010-04-30,14799.0,9671.0
2010-05-01,14398.0,9690.0
2010-05-02,13502.0,8270.0
2010-05-03,13162.0,9029.0
2010-05-04,12738.0,9884.0
2010-05-05,12213.0,11263.0
2010-05-06,11757.0,11009.0
2010-05-07,11361.0,9512.0
2010-05-08,11127.0,7890.0
2010-05-09,11009.0,8375.0
2010-05-10,10975.0,9289.0
2010-05-11,11017.0,9179.0
2010-05-12,11173.0,9434.0
2010-05-13,11279.0,10053.0
2010-05-14,11327.0,10093.0
2010-05-15,11280.0,8902.0
2010-05-16,11240.0,9237.0
2010-05-17,11309.0,8924.0
2010-05-18,11531.0,8747.0
2010-05-19,11852.0,9357.0
2010-05-20,12223.0,10400.0
2010-05-21,12281.0,9689.0
2010-05-22,12153.0,8355.0
2010-05-23,11952.0,8586.0
2010-05-24,11830.0,9043.0
2010-05-25,11611.0,9451.0
2010-05-26,11391.0,10162.0
2010-05-27,11161.0,9882.0
2010-05-28,10998.0,9582.0
2010-05-29,10864.0,9434.0
2010-05-30,10615.0,8298.0
2010-05-31,10413.0,8863.0
2010-06-01,10219.0,9208.0
2010-06-02,10168.0,9217.0
2010-06-03,10109.0,8591.0
2010-06-04,10104.0,7604.0
2010-06-05,10069.0,7797.0
2010-06-06,10113.0,7339.0
2010-06-07,10152.0,8517.0
2010-06-08,10187.0,10142.0
2010-06-09,10275.0,10275.0
2010-06-10,10304.0,10304.0
2010-06-11,10265.0,10265.0
2010-06-12,10143.0,10143.0
2010-06-13,9993.0,8568.0
2010-06-14,9855.0,9855.0
2010-06-15,9645.0,9645.0
2010-06-16,9481.0,9481.0
2010-06-17,9306.0,9306.0
2010-06-18,9097.0,9097.0
2010-06-19,8883.0,8883.0
2010-06-20,8668.0,8668.0
2010-06-21,8537.0,8537.0
2010-06-22,8438.0,8438.0
2010-06-23,8384.0,8384.0
2010-06-24,8290.0,8290.0
2010-06-25,8247.0,8247.0
2010-06-26,8249.0,8249.0
2010-06-27,8275.0,8275.0
2010-06-28,8287.0,8287.0
2010-06-29,8263.0,8263.0
2010-06-30,8224.0,8224.0
2010-07-01,8144.0,8144.0
2010-07-02,8011.0,8011.0
2010-07-03,7974.0,7974.0
2010-07-04,7845.0,7845.0
2010-07-05,7828.0,7828.0
2010-07-06,7720.0,7720.0
2010-07-07,7678.0,7678.0
2010-07-08,7620.0,7620.0
2010-07-09,7571.0,7571.0
2010-07-10,7482.0,7482.0
2010-07-11,7411.0,7411.0
2010-07-12,7330.0,7330.0
2010-07-13,7277.0,7277.0
2010-07-14,7238.0,7238.0
2010-07-15,7393.0,7393.0
2010-07-16,7690.0,7690.0
2010-07-17,8140.0,8140.0
2010-07-18,8539.0,8539.0
2010-07-19,8972.0,8972.0
2010-07-20,9367.0,9367.0
2010-07-21,9555.0,9555.0
2010-07-22,9599.0,9599.0
2010-07-23,9475.0,9475.0
2010-07-24,9336.0,9336.0
2010-07-25,9106.0,9106.0
2010-07-26,8886.0,8886.0
2010-07-27,8608.0,8608.0
2010-07-28,8285.0,8285.0
2010-07-29,7991.0,7991.0
2010-07-30,7761.0,7761.0
2010-07-31,7553.0,7553.0
2010-08-01,7388.0,6642.0
2010-08-02,7241.0,7231.0
2010-08-03,7108.0,7108.0
2010-08-04,7001.0,7001.0
2010-08-05,6899.0,6899.0
2010-08-06,6827.0,6827.0
2010-08-07,6922.0,6922.0
2010-08-08,7022.0,7022.0
2010-08-09,7032.0,7032.0
2010-08-10,6987.0,6987.0
2010-08-11,6978.0,6978.0
2010-08-12,6903.0,6903.0
2010-08-13,6821.0,6821.0
2010-08-14,6665.0,6665.0
2010-08-15,6507.0,6507.0
2010-08-16,6413.0,6413.0
2010-08-17,6355.0,6355.0
2010-08-18,6284.0,6284.0
2010-08-19,6241.0,6241.0
2010-08-20,6190.0,6190.0
2010-08-21,6122.0,6122.0
2010-08-22,6098.0,6098.0
2010-08-23,6029.0,6029.0
2010-08-24,5989.0,5989.0
2010-08-25,5926.0,5926.0
2010-08-26,5834.0,5834.0
2010-08-27,5782.0,5782.0
2010-08-28,5687.0,5687.0
2010-08-29,5690.0,5690.0
2010-08-30,5668.0,5668.0
2010-08-31,5664.0,5664.0
2010-09-01,5579.0,5579.0
2010-09-02,5505.0,5505.0
2010-09-03,5427.0,5427.0
2010-09-04,5418.0,5418.0
2010-09-05,5319.0,5319.0
2010-09-06,5201.0,5201.0
2010-09-07,5137.0,5137.0
2010-09-08,5115.0,5115.0
2010-09-09,5109.0,5109.0
2010-09-10,5091.0,5091.0
2010-09-11,5108.0,5108.0
2010-09-12,5165.0,5165.0
2010-09-13,5189.0,5189.0
2010-09-14,5200.0,5077.0
2010-09-15,5227.0,5227.0
2010-09-16,5239.0,5239.0
2010-09-17,5229.0,5229.0
2010-09-18,5209.0,5209.0
2010-09-19,5144.0,5144.0
2010-09-20,5081.0,5081.0
2010-09-21,5070.0,5070.0
2010-09-22,5130.0,5130.0
2010-09-23,5152.0,4937.0
2010-09-24,5203.0,5203.0
2010-09-25,5382.0,5382.0
2010-09-26,5751.0,5751.0
2010-09-27,6274.0,6274.0
2010-09-28,6981.0,6981.0
2010-09-29,7916.0,7916.0
2010-09-30,8895.0,8895.0
2010-10-01,9693.0,9693.0
2010-10-02,10157.0,7974.0
2010-10-03,10361.0,7939.0
2010-10-04,10708.0,8611.0
2010-10-05,11339.0,9417.0
2010-10-06,11690.0,10089.0
2010-10-07,11788.0,8401.0
2010-10-08,11809.0,8869.0
2010-10-09,11883.0,8738.0
2010-10-10,11782.0,8098.0
2010-10-11,11441.0,10730.0
2010-10-12,10923.0,10923.0
2010-10-13,10269.0,10269.0
2010-10-14,9613.0,9613.0
2010-10-15,9013.0,9013.0
2010-10-16,8648.0,8648.0
2010-10-17,8581.0,8581.0
2010-10-18,8809.0,8809.0
2010-10-19,9233.0,9233.0
2010-10-20,9422.0,9422.0
2010-10-21,9189.0,9189.0
2010-10-22,8802.0,8802.0
2010-10-23,8360.0,8360.0
2010-10-24,7991.0,7991.0
2010-10-25,7722.0,7722.0
2010-10-26,7526.0,7526.0
2010-10-27,7469.0,7469.0
2010-10-28,7558.0,7558.0
2010-10-29,7755.0,7644.0
2010-10-30,7947.0,6905.0
2010-10-31,8037.0,5712.0
2010-11-01,8114.0,8114.0
2010-11-02,8078.0,8078.0
2010-11-03,8215.0,8215.0
2010-11-04,8098.0,8098.0
2010-11-05,8016.0,8016.0
2010-11-06,7959.0,7959.0
2010-11-07,8012.0,8012.0
2010-11-08,8175.0,8175.0
2010-11-09,8297.0,8091.0
2010-11-10,8289.0,6862.0
2010-11-11,8220.0,6339.0
2010-11-12,8302.0,8302.0
2010-11-13,8451.0,8451.0
2010-11-14,8554.0,8554.0
2010-11-15,8509.0,8509.0
2010-11-16,8376.0,8376.0
2010-11-17,8354.0,8354.0
2010-11-18,8383.0,8383.0
2010-11-19,8612.0,8612.0
2010-11-20,8986.0,8986.0
2010-11-21,9458.0,9458.0
2010-11-22,9782.0,9782.0
2010-11-23,9933.0,9933.0
2010-11-24,10062.0,10062.0
2010-11-25,10142.0,10142.0
2010-11-26,10188.0,10188.0
2010-11-27,10242.0,10242.0
2010-11-28,10397.0,10062.0
2010-11-29,10657.0,10657.0
2010-11-30,10969.0,10969.0
2010-12-01,11179.0,11179.0
2010-12-02,11335.0,11335.0
2010-12-03,11429.0,11411.0
2010-12-04,11579.0,10052.0
2010-12-05,11769.0,9946.0
2010-12-06,12212.0,10652.0
2010-12-07,12776.0,9748.0
2010-12-08,14382.0,10950.0
2010-12-09,14769.0,12707.0
2010-12-10,14304.0,12327.0
2010-12-11,13777.0,11013.0
2010-12-12,13380.0,8860.0
2010-12-13,13028.0,12229.0
2010-12-14,13010.0,12683.0
2010-12-15,13194.0,13194.0
2010-12-16,13493.0,12378.0
2010-12-17,13793.0,12649.0
2010-12-18,13975.0,10410.0
2010-12-19,13729.0,9796.0
2010-12-20,13414.0,11845.0
2010-12-21,13297.0,13074.0
2010-12-22,13872.0,13701.0
2010-12-23,14805.0,14805.0
2010-12-24,15487.0,15223.0
2010-12-25,15740.0,12973.0
2010-12-26,15839.0,14829.0
2010-12-27,15960.0,15960.0
2010-12-28,15886.0,15886.0
2010-12-29,15503.0,15503.0
2010-12-30,15170.0,15170.0
2010-12-31,14960.0,14960.0
2015-01-01,14309.0,14309.0
2015-01-02,14230.0,14230.0
2015-01-03,13903.0,13903.0
2015-01-04,13312.0,13312.0
2015-01-05,12421.0,12421.0
2015-01-06,11757.0,11757.0
2015-01-07,11473.0,11473.0
2015-01-08,11533.0,11533.0
2015-01-09,11489.0,11489.0
2015-01-10,11159.0,11159.0
2015-01-11,10701.0,10701.0
2015-01-12,10265.0,10265.0
2015-01-13,9917.0,9917.0
2015-01-14,9654.0,9654.0
2015-01-15,9339.0,9339.0
2015-01-16,9021.0,9021.0
2015-01-17,8621.0,8621.0
2015-01-18,8292.0,8292.0
2015-01-19,7984.0,7984.0
2015-01-20,7598.0,7598.0
2015-01-21,7287.0,7287.0
2015-01-22,6906.0,6906.0
2015-01-23,6727.0,6727.0
2015-01-24,6306.0,6306.0
2015-01-25,6525.0,6525.0
2015-01-26,6912.0,6912.0
2015-01-27,7037.0,7037.0
2015-01-28,6858.0,6858.0
2015-01-29,6779.0,6779.0
2015-01-30,7389.0,7389.0
2015-01-31,7771.0,7771.0
2015-02-01,7632.0,7632.0
2015-02-02,8465.0,8465.0
2015-02-03,8955.0,8955.0
2015-02-04,9875.0,9875.0
2015-02-05,9632.0,9632.0
2015-02-06,9611.0,9611.0
2015-02-07,9425.0,9425.0
2015-02-08,9300.0,9300.0
2015-02-09,9383.0,9383.0
2015-02-10,9313.0,9313.0
2015-02-11,9450.0,9450.0
2015-02-12,9738.0,9738.0
2015-02-13,10386.0,10386.0
2015-02-14,10846.0,10846.0
2015-02-15,11628.0,11628.0
2015-02-16,12862.0,12862.0
2015-02-17,14129.0,14129.0
2015-02-18,14964.0,14964.0
2015-02-19,15615.0,15615.0
2015-02-20,15802.0,15802.0
2015-02-21,16001.0,16001.0
2015-02-22,16354.0,16354.0
2015-02-23,15799.0,15799.0
2015-02-24,17805.0,17805.0
2015-02-25,15899.0,15899.0
2015-02-26,15886.0,15886.0
2015-02-27,15633.0,15633.0
2015-02-28,15103.0,15103.0
2015-03-01,14520.0,14520.0
2015-03-02,14228.0,14228.0
2015-03-03,13504.0,13504.0
2015-03-04,12888.0,12888.0
2015-03-05,12032.0,12032.0
2015-03-06,11855.0,11855.0
2015-03-07,11654.0,11654.0
2015-03-08,12121.0,12121.0
2015-03-09,13072.0,13072.0
2015-03-10,14349.0,14349.0
2015-03-11,13669.0,13669.0
2015-03-12,14103.0,14103.0
2015-03-13,14425.0,14425.0
2015-03-14,13955.0,13955.0
2015-03-15,13681.0,13681.0
2015-03-16,14225.0,14225.0
2015-03-17,14869.0,14869.0
2015-03-18,15486.0,15486.0
2015-03-19,15337.0,15337.0
2015-03-20,15648.0,15648.0
2015-03-21,15529.0,15529.0
2015-03-22,15457.0,15457.0
2015-03-23,15535.0,15535.0
2015-03-24,15297.0,15297.0
2015-03-25,15394.0,15394.0
2015-03-26,15430.0,15430.0
2015-03-27,15955.0,15955.0
2015-03-28,16074.0,16074.0
2015-03-29,16118.0,16118.0
2015-03-30,16319.0,16319.0
2015-03-31,15974.0,15974.0
2015-04-01,15700.0,15700.0
2015-04-02,15203.0,15203.0
2015-04-03,15164.0,15164.0
2015-04-04,15249.0,15249.0
2015-04-05,14718.0,14718.0
2015-04-06,14832.0,14832.0
2015-04-07,13997.0,13997.0
2015-04-08,13782.0,13782.0
2015-04-09,13152.0,13152.0
2015-04-10,13041.0,13041.0
2015-04-11,12919.0,12919.0
2015-04-12,12996.0,12996.0
2015-04-13,13121.0,13121.0
2015-04-14,13085.0,13085.0
2015-04-15,13034.0,13034.0
2015-04-16,12719.0,12719.0
2015-04-17,12606.0,12606.0
2015-04-18,11898.0,11898.0
2015-04-19,11856.0,11856.0
2015-04-20,11830.0,11830.0
2015-04-21,12174.0,12174.0
2015-04-22,12071.0,12071.0
2015-04-23,11641.0,11641.0
2015-04-24,11615.0,11615.0
2015-04-25,11707.0,11707.0
2015-04-26,11952.0,11952.0
2015-04-27,12048.0,12048.0
2015-04-28,11857.0,11857.0
2015-04-29,11684.0,11684.0
2015-04-30,11382.0,11382.0
2015-05-01,11371.0,11371.0
2015-05-02,11545.0,11545.0
2015-05-03,11536.0,11536.0
2015-05-04,11605.0,11605.0
2015-05-05,11549.0,11549.0
2015-05-06,11549.0,11549.0
2015-05-07,11407.0,11407.0
2015-05-08,11331.0,11331.0
2015-05-09,11311.0,11311.0
2015-05-10,11311.0,11311.0
2015-05-11,11666.0,11666.0
2015-05-12,12114.0,12114.0
2015-05-13,12557.0,12557.0
2015-05-14,12869.0,12869.0
2015-05-15,13287.0,13287.0
2015-05-16,13001.0,13001.0
2015-05-17,12830.0,12830.0
2015-05-18,12374.0,12374.0
2015-05-19,12399.0,12399.0
2015-05-20,11978.0,11978.0
2015-05-21,11645.0,11645.0
2015-05-22,11294.0,11294.0
2015-05-23,10953.0,10953.0
2015-05-24,10777.0,10777.0
2015-05-25,10712.0,10712.0
2015-05-26,10827.0,10827.0
2015-05-27,11083.0,11083.0
2015-05-28,11414.0,11414.0
2015-05-29,12286.0,12286.0
2015-05-30,12853.0,12853.0
2015-05-31,12717.0,12717.0
2015-06-01,12372.0,12372.0
2015-06-02,11914.0,11914.0
2015-06-03,11485.0,11485.0
2015-06-04,11188.0,11188.0
2015-06-05,11021.0,11021.0
2015-06-06,10925.0,10925.0
2015-06-07,10799.0,10799.0
2015-06-08,10844.0,10844.0
2015-06-09,10600.0,10600.0
2015-06-10,10618.0,10618.0
2015-06-11,10453.0,10453.0
2015-06-12,10499.0,10499.0
2015-06-13,10304.0,10304.0
2015-06-14,10102.0,10102.0
2015-06-15,9960.0,9960.0
2015-06-16,9880.0,9880.0
2015-06-17,9813.0,9813.0
2015-06-18,9743.0,9743.0
2015-06-19,9709.0,9709.0
2015-06-20,9649.0,9649.0
2015-06-21,9521.0,9521.0
2015-06-22,9300.0,9300.0
2015-06-23,9059.0,9059.0
2015-06-24,8853.0,8853.0
2015-06-25,8672.0,8672.0
2015-06-26,8496.0,8496.0
2015-06-27,8363.0,8363.0
2015-06-28,8187.0,8187.0
2015-06-29,8005.0,8005.0
2015-06-30,7855.0,7855.0
2015-07-01,8221.0,8221.0
2015-07-02,9188.0,9188.0
2015-07-03,10985.0,10985.0
2015-07-04,12457.0,12457.0
2015-07-05,14374.0,14374.0
2015-07-06,15705.0,15705.0
2015-07-07,16663.0,16663.0
2015-07-08,16067.0,16067.0
2015-07-09,15480.0,15480.0
2015-07-10,16100.0,15985.0
2015-07-11,17175.0,15840.0
2015-07-12,18170.0,13077.0
2015-07-13,19397.0,15382.0
2015-07-14,21180.0,15654.0
2015-07-15,21979.0,17363.0
2015-07-16,21672.0,19836.0
2015-07-17,21112.0,18646.0
2015-07-18,20745.0,16857.0
2015-07-19,20248.0,13497.0
2015-07-20,19628.0,16267.0
2015-07-21,19039.0,17183.0
2015-07-22,18547.0,15843.0
2015-07-23,17478.0,15308.0
2015-07-24,16244.0,14999.0
2015-07-25,14898.0,14271.0
2015-07-26,13938.0,11512.0
2015-07-27,13137.0,12482.0
2015-07-28,12553.0,12553.0
2015-07-29,12117.0,12117.0
2015-07-30,11773.0,11773.0
2015-07-31,11336.0,11336.0
2015-08-01,11038.0,11038.0
2015-08-02,10647.0,10647.0
2015-08-03,10423.0,10423.0
2015-08-04,10108.0,10108.0
2015-08-05,9772.0,9772.0
2015-08-06,9513.0,9513.0
2015-08-07,9356.0,9356.0
2015-08-08,8984.0,8984.0
2015-08-09,8688.0,8688.0
2015-08-10,8423.0,8423.0
2015-08-11,8356.0,8356.0
2015-08-12,8208.0,8208.0
2015-08-13,8072.0,8072.0
2015-08-14,7899.0,7899.0
2015-08-15,7813.0,7813.0
2015-08-16,7659.0,7659.0
2015-08-17,7564.0,7564.0
2015-08-18,7440.0,7440.0
2015-08-19,7357.0,7357.0
2015-08-20,7241.0,7241.0
2015-08-21,7208.0,7208.0
2015-08-22,7118.0,7118.0
2015-08-23,7080.0,7080.0
2015-08-24,7021.0,7021.0
2015-08-25,7023.0,7023.0
2015-08-26,7093.0,7093.0
2015-08-27,7180.0,7180.0
2015-08-28,7249.0,7249.0
2015-08-29,7224.0,7224.0
2015-08-30,7170.0,7170.0
2015-08-31,7094.0,7094.0
2015-09-01,7016.0,7016.0
2015-09-02,6935.0,6935.0
2015-09-03,6852.0,6852.0
2015-09-04,6734.0,6734.0
2015-09-05,6685.0,6685.0
2015-09-06,6655.0,6655.0
2015-09-07,6731.0,6731.0
2015-09-08,7088.0,7088.0
2015-09-09,7782.0,7782.0
2015-09-10,8698.0,8698.0
2015-09-11,10217.0,10217.0
2015-09-12,11772.0,11772.0
2015-09-13,13271.0,13271.0
2015-09-14,13811.0,13811.0
2015-09-15,13516.0,13516.0
2015-09-16,13069.0,13069.0
2015-09-17,12546.0,12546.0
2015-09-18,12282.0,12282.0
2015-09-19,12180.0,12180.0
2015-09-20,12036.0,12036.0
2015-09-21,11967.0,11967.0
2015-09-22,11385.0,11385.0
2015-09-23,10541.0,10541.0
2015-09-24,9563.0,9563.0
2015-09-25,9036.0,9036.0
2015-09-26,8872.0,8872.0
2015-09-27,8821.0,8821.0
2015-09-28,8957.0,8957.0
2015-09-29,8994.0,8994.0
2015-09-30,8918.0,8918.0
2015-10-01,9714.0,9714.0
2015-10-02,9949.0,9949.0
2015-10-03,10547.0,10547.0
2015-10-04,9317.0,9317.0
2015-10-05,10764.0,10764.0
2015-10-06,11453.0,11453.0
2015-10-07,10472.0,10472.0
2015-10-08,10660.0,10660.0
2015-10-09,10608.0,10608.0
2015-10-10,10548.0,10548.0
2015-10-11,10774.0,10774.0
2015-10-12,11385.0,11385.0
2015-10-13,12571.0,12571.0
2015-10-14,14757.0,14757.0
2015-10-15,16552.0,16552.0
2015-10-16,16527.0,16365.0
2015-10-17,15434.0,13182.0
2015-10-18,13766.0,10924.0
2015-10-19,12315.0,10882.0
2015-10-20,10886.0,10886.0
2015-10-21,9928.0,9928.0
2015-10-22,9533.0,9533.0
2015-10-23,9212.0,9212.0
2015-10-24,8964.0,8964.0
2015-10-25,8628.0,8546.0
2015-10-26,8677.0,8677.0
2015-10-27,8809.0,8809.0
2015-10-28,8710.0,8710.0
2015-10-29,8720.0,8720.0
2015-10-30,8840.0,8840.0
2015-10-31,9295.0,9295.0
2015-11-01,9605.0,8712.0
2015-11-02,9918.0,8861.0
2015-11-03,10376.0,9920.0
2015-11-04,11069.0,10404.0
2015-11-05,12240.0,10934.0
2015-11-06,12701.0,12294.0
2015-11-07,12968.0,10741.0
2015-11-08,13416.0,10223.0
2015-11-09,13934.0,13199.0
2015-11-10,14051.0,13872.0
2015-11-11,13572.0,13572.0
2015-11-12,13106.0,13106.0
2015-11-13,12836.0,12836.0
2015-11-14,12684.0,12299.0
2015-11-15,12678.0,11707.0
2015-11-16,14321.0,14321.0
2015-11-17,14678.0,14608.0
2015-11-18,13706.0,11842.0
2015-11-19,15145.0,10139.0
2015-11-20,16639.0,9954.0
2015-11-21,17723.0,9986.0
2015-11-22,18964.0,8289.0
2015-11-23,19758.0,10235.0
2015-11-24,20275.0,11626.0
2015-11-25,20081.0,11697.0
2015-11-26,20400.0,10997.0
2015-11-27,21508.0,11566.0
2015-11-28,23196.0,12730.0
2015-11-29,24581.0,14160.0
2015-11-30,24010.0,12778.0
2015-12-01,23259.0,12786.0
2015-12-02,23112.0,14031.0
2015-12-03,23840.0,14670.0
2015-12-04,22877.0,14725.0
2015-12-05,22900.0,14201.0
2015-12-06,22185.0,12726.0
2015-12-07,21880.0,14274.0
2015-12-08,22265.0,15607.0
2015-12-09,21537.0,14833.0
2015-12-10,20306.0,13959.0
2015-12-11,21005.0,16019.0
2015-12-12,21902.0,13849.0
2015-12-13,22228.0,11268.0
2015-12-14,22477.0,13931.0
2015-12-15,22405.0,14010.0
2015-12-16,21930.0,13682.0
2015-12-17,21341.0,13195.0
2015-12-18,20904.0,13440.0
2015-12-19,20977.0,13350.0
2015-12-20,21455.0,13615.0
2015-12-21,20833.0,14119.0
2015-12-22,20731.0,14078.0
2015-12-23,19328.0,14156.0
2015-12-24,18378.0,12401.0
2015-12-25,17392.0,9662.0
2015-12-26,17440.0,11650.0
2015-12-27,17566.0,11801.0
2015-12-28,18617.0,13569.0
2015-12-29,18990.0,13493.0
2015-12-30,19727.0,12847.0
2015-12-31,20500.0,13129.0
2020-01-01,10814.186,10814.186
2020-01-02,10425.239,10425.239
2020-01-03,10237.75,10237.75
2020-01-04,10085.364,10085.364
2020-01-05,9795.301,9795.301
2020-01-06,9506.091,9506.091
2020-01-07,9359.893,9359.893
2020-01-08,9363.789,9363.789
2020-01-09,9583.574,9583.574
2020-01-10,9778.032,9778.032
2020-01-11,10294.819,10294.819
2020-01-12,11066.084,11066.084
2020-01-13,11880.53,11880.53
2020-01-14,12472.857,12472.857
2020-01-15,12728.866,12728.866
2020-01-16,12742.239,12742.239
2020-01-17,12810.872,12810.872
2020-01-18,13075.926,13075.926
2020-01-19,13106.681,13106.681
2020-01-20,12866.368,12866.368
2020-01-21,12412.962,12412.962
2020-01-22,12034.437,12034.437
2020-01-23,11689.279,11689.279
2020-01-24,11441.617,11441.617
2020-01-25,11112.863,11112.863
2020-01-26,10975.228,10975.228
2020-01-27,10891.947,10891.947
2020-01-28,10941.142,10941.142
2020-01-29,11090.167,11090.167
2020-01-30,11382.985,11382.985
2020-01-31,11768.191,11768.191
2020-02-01,12112.27,12112.27
2020-02-02,12384.807,12384.807
2020-02-03,12840.804,12840.804
2020-02-04,13402.819,13402.819
2020-02-05,14028.954,14028.954
2020-02-06,14599.428,14599.428
2020-02-07,15013.847,15013.847
2020-02-08,14976.195,14976.195
2020-02-09,14650.196,14650.196
2020-02-10,13784.817,13784.817
2020-02-11,13791.252,13791.252
2020-02-12,13902.214,13902.214
2020-02-13,14260.663,14260.663
2020-02-14,14926.002,14926.002
2020-02-15,15830.153,15830.153
2020-02-16,16668.724,16668.724
2020-02-17,17215.876,17215.876
2020-02-18,17518.171,17518.171
2020-02-19,17683.149,17683.149
2020-02-20,17918.918,17918.918
2020-02-21,18090.033,18090.033
2020-02-22,18157.494,18157.494
2020-02-23,18201.591,18201.591
2020-02-24,18200.511,18200.511
2020-02-25,18256.285,18256.285
2020-02-26,18204.366,18204.366
2020-02-27,18222.447,18222.447
2020-02-28,18054.478,18054.478
2020-02-29,17802.323,17802.323
2020-03-01,17549.285,17549.285
2020-03-02,17377.698,17377.698
2020-03-03,17342.965,17342.965
2020-03-04,17394.36,17394.36
2020-03-05,17502.177,17502.177
2020-03-06,17757.24,17757.24
2020-03-07,18174.012,18174.012
2020-03-08,18491.726,18491.726
2020-03-09,18842.692,18842.692
2020-03-10,18938.389,18938.389
2020-03-11,18874.341,18874.341
2020-03-12,18606.655,18606.655
2020-03-13,18198.024,18198.024
2020-03-14,17612.203,17612.203
2020-03-15,16854.209,16854.209
2020-03-16,16056.086,16056.086
2020-03-17,15181.261,15181.261
2020-03-18,14310.331,14310.331
2020-03-19,13579.988,13579.988
2020-03-20,13004.014,13004.014
2020-03-21,12477.102,12477.102
2020-03-22,11942.975,11942.975
2020-03-23,11478.23,11478.23
2020-03-24,11066.279,11066.279
2020-03-25,10789.918,10789.918
2020-03-26,10714.233,10714.233
2020-03-27,10892.667,10892.667
2020-03-28,11125.147,11125.147
2020-03-29,11323.768,11323.768
2020-03-30,11404.417,11404.417
2020-03-31,11438.255,11438.255
2020-04-01,11346.762,11346.762
2020-04-02,11268.981,11268.981
2020-04-03,11181.599,11181.599
2020-04-04,11106.645,11106.645
2020-04-05,10969.944,10969.944
2020-04-06,10857.101,10857.101
2020-04-07,10739.366,10739.366
2020-04-08,10681.885,10681.885
2020-04-09,10531.843,10531.843
2020-04-10,10348.774,10348.774
2020-04-11,10137.777,10137.777
2020-04-12,9928.507,9928.507
2020-04-13,9828.492,9828.492
2020-04-14,9710.756,9710.756
2020-04-15,9541.667,9541.667
2020-04-16,9367.119,9367.119
2020-04-17,9100.636,9100.636
2020-04-18,8916.868,8916.868
2020-04-19,8793.201,8793.201
2020-04-20,8672.135,8672.135
2020-04-21,8635.511,8635.511
2020-04-22,8533.132,8533.132
2020-04-23,8386.924,8386.924
2020-04-24,8299.08,8299.08
2020-04-25,8226.705,8226.705
2020-04-26,8300.899,8300.899
2020-04-27,8365.626,8365.626
2020-04-28,8397.357,8397.357
2020-04-29,8378.917,8378.917
2020-04-30,8274.194,8274.194
2020-05-01,8223.95,8223.95
2020-05-02,8170.14,8170.14
2020-05-03,8134.78,8134.78
2020-05-04,7931.102,7931.102
2020-05-05,7789.323,7789.323
2020-05-06,7621.981,7621.981
2020-05-07,7443.188,7443.188
2020-05-08,7334.149,7334.149
2020-05-09,7196.904,7196.904
2020-05-10,7073.761,7073.761
2020-05-11,6958.595,6958.595
2020-05-12,6980.366,6980.366
2020-05-13,7117.036,7117.036
2020-05-14,7207.203,7207.203
2020-05-15,7185.802,7185.802
2020-05-16,7155.407,7155.407
2020-05-17,7123.82,7123.82
2020-05-18,7078.284,6586.948
2020-05-19,7011.213,6509.598
2020-05-20,6991.344,6705.588
2020-05-21,7066.432,6538.092
2020-05-22,7248.134,6775.3
2020-05-23,7558.981,6030.494
2020-05-24,7815.278,6320.711
2020-05-25,7843.35,7261.558
2020-05-26,7793.805,7572.807
2020-05-27,7733.025,7733.025
2020-05-28,7730.599,7563.052
2020-05-29,7683.676,7231.4
2020-05-30,7668.0,7399.718
2020-05-31,7599.47,7599.47
2020-06-01,7544.282,7544.282
2020-06-02,7517.197,7517.197
2020-06-03,7506.014,7506.014
2020-06-04,7470.757,7470.757
2020-06-05,7385.626,7385.626
2020-06-06,7353.669,7353.669
2020-06-07,7281.13,7281.13
2020-06-08,7304.617,7304.617
2020-06-09,7292.642,7292.642
2020-06-10,7309.531,7309.531
2020-06-11,7370.166,7370.166
2020-06-12,7674.25,7674.25
2020-06-13,7633.792,7633.792
2020-06-14,7621.57,7621.57
2020-06-15,7500.093,7500.093
2020-06-16,7381.484,7381.484
2020-06-17,7256.409,7256.409
2020-06-18,7147.965,7147.965
2020-06-19,7008.633,7008.633
2020-06-20,6935.087,6935.087
2020-06-21,6794.1,6794.1
2020-06-22,6660.751,6660.751
2020-06-23,6458.07,6458.07
2020-06-24,8742.608,8742.608
2020-06-25,6289.001,6289.001
2020-06-26,6374.111,6374.111
2020-06-27,6429.381,6429.381
2020-06-28,6927.851,6927.851
2020-06-29,7141.459,7141.459
2020-06-30,7025.028,7025.028
2020-07-01,7554.87,7554.87
2020-07-02,7999.108,7999.108
2020-07-03,8263.483,8263.483
2020-07-04,8235.206,8235.206
2020-07-05,8144.895,8144.895
2020-07-06,7969.782,7969.782
2020-07-07,7924.76,7924.76
2020-07-08,7819.903,7819.903
2020-07-09,7609.862,7609.862
2020-07-10,7297.052,7297.052
2020-07-11,7000.914,7000.914
2020-07-12,6738.655,6738.655
2020-07-13,6496.04,6496.04
2020-07-14,6285.783,6285.783
2020-07-15,6087.532,6087.532
2020-07-16,5902.551,5902.551
2020-07-17,5830.742,5830.742
2020-07-18,5738.57,5738.57
2020-07-19,5716.45,5716.45
2020-07-20,5654.776,5654.776
2020-07-21,5528.128,5528.128
2020-07-22,5487.187,5487.187
2020-07-23,5344.802,5344.802
2020-07-24,5260.011,5260.011
2020-07-25,5243.811,5243.811
2020-07-26,5217.713,5217.713
2020-07-27,5138.39,5138.39
2020-07-28,5030.758,5030.758
2020-07-29,4983.393,4983.393
2020-07-30,4921.4,4921.4
2020-07-31,4936.664,4936.664
2020-08-01,4926.396,4926.396
2020-08-02,4946.049,4946.049
2020-08-03,4893.112,4893.112
2020-08-04,4914.308,4914.308
2020-08-05,4926.827,4926.827
2020-08-06,4919.046,4919.046
2020-08-07,4924.874,4924.874
2020-08-08,4928.123,4928.123
2020-08-09,4991.78,4991.78
2020-08-10,4960.923,4960.923
2020-08-11,4974.409,4974.409
2020-08-12,4850.907,4850.907
2020-08-13,4786.807,4786.807
2020-08-14,4767.791,4767.791
2020-08-15,4792.584,4792.584
2020-08-16,4843.681,4843.681
2020-08-17,5073.427,5073.427
2020-08-18,5596.422,5596.422
2020-08-19,6536.971,6536.971
2020-08-20,7860.115,7860.115
2020-08-21,9297.335,9297.335
2020-08-22,10379.416,10379.416
2020-08-23,10682.728,10682.728
2020-08-24,10199.173,10199.173
2020-08-25,9444.212,9444.212
2020-08-26,8738.26,8738.26
2020-08-27,8253.482,8253.482
2020-08-28,7895.063,7895.063
2020-08-29,7591.124,7591.124
2020-08-30,7293.906,7293.906
2020-08-31,6946.805,6946.805
2020-09-01,6700.13,6700.13
2020-09-02,6449.929,6449.929
2020-09-03,6163.648,6163.648
2020-09-04,5909.202,5909.202
2020-09-05,5676.269,5676.269
2020-09-06,5492.275,5492.275
2020-09-07,5278.894,5278.894
2020-09-08,5099.011,5099.011
2020-09-09,4944.394,4944.394
2020-09-10,4789.726,4789.726
2020-09-11,4659.656,4659.656
2020-09-12,4616.309,4616.309
2020-09-13,4457.098,4457.098
2020-09-14,4337.8,4337.8
2020-09-15,4244.436,4244.436
2020-09-16,4120.173,4120.173
2020-09-17,4007.988,4007.988
2020-09-18,3953.231,3953.231
2020-09-19,3996.527,3996.527
2020-09-20,3955.143,3955.143
2020-09-21,3874.001,3874.001
2020-09-22,3713.35,3713.35
2020-09-23,3743.036,3743.036
2020-09-24,3665.81,3665.81
2020-09-25,3714.286,3714.286
2020-09-26,3754.384,3754.384
2020-09-27,3842.383,3842.383
2020-09-28,3889.461,3889.461
2020-09-29,3881.104,3881.104
2020-09-30,3891.671,3891.671
2020-10-01,3888.474,3888.474
2020-10-02,3981.355,3981.355
2020-10-03,4053.781,4053.781
2020-10-04,4121.499,4121.499
2020-10-05,4090.785,4090.785
2020-10-06,4030.673,4030.673
2020-10-07,3937.648,3937.648
2020-10-08,3808.133,3808.133
2020-10-09,3744.66,3744.66
2020-10-10,3691.271,3691.271
2020-10-11,3698.127,3698.127
2020-10-12,3634.264,3634.264
2020-10-13,3630.944,3630.944
2020-10-14,3592.983,3592.983
2020-10-15,3731.154,3731.154
2020-10-16,3867.412,3867.412
2020-10-17,4013.991,4013.991
2020-10-18,4038.013,4038.013
2020-10-19,4025.164,4025.164
2020-10-20,3966.512,3966.512
2020-10-21,3918.252,3918.252
2020-10-22,3914.88,3914.88
2020-10-23,3939.509,3939.509
2020-10-24,3947.28,3947.28
2020-10-25,3990.431,3990.431
2020-10-26,4065.386,4065.386
2020-10-27,4185.465,4185.465
2020-10-28,4299.86,4299.86
2020-10-29,4465.239,4465.239
2020-10-30,4605.701,4605.701
2020-10-31,4855.964,4855.964
2020-11-01,5004.084,5004.084
2020-11-02,5049.816,5049.816
2020-11-03,5112.405,5112.405
2020-11-04,5170.697,5170.697
2020-11-05,5203.23,5203.23
2020-11-06,5183.268,5183.268
2020-11-07,5122.684,5122.684
2020-11-08,5026.164,5026.164
2020-11-09,4952.412,4952.412
2020-11-10,4901.089,4901.089
2020-11-11,4848.142,4848.142
2020-11-12,4740.068,4740.068
2020-11-13,4592.626,4592.626
2020-11-14,4498.635,4498.635
2020-11-15,4385.042,4385.042
2020-11-16,4411.418,4411.418
2020-11-17,4371.021,4371.021
2020-11-18,4416.722,4416.722
2020-11-19,4560.484,4560.484
2020-11-20,4784.731,4784.731
2020-11-21,4930.281,4930.281
2020-11-22,5125.634,5125.634
2020-11-23,5364.857,5364.857
2020-11-24,5532.302,5532.302
2020-11-25,5356.804,5356.804
2020-11-26,5322.704,5322.704
2020-11-27,5603.559,5603.559
2020-11-28,6174.179,6174.179
2020-11-29,6274.146,6274.146
2020-11-30,6272.346,6272.346
2020-12-01,5571.115,5571.115
2020-12-02,5148.245,5148.245
2020-12-03,4846.649,4846.649
2020-12-04,5098.496,5098.496
2020-12-05,4877.887,4877.887
2020-12-06,5355.029,5355.029
2020-12-07,5748.992,5748.992
2020-12-08,6049.128,6049.128
2020-12-09,5759.953,5759.953
2020-12-10,5262.81,5262.81
2020-12-11,5638.177,5638.177
2020-12-12,5965.361,5965.361
2020-12-13,6454.261,6454.261
2020-12-14,6923.861,6923.861
2020-12-15,7175.45,7175.45
2020-12-16,7883.978,7883.978
2020-12-17,8016.595,8016.595
2020-12-18,8908.798,8908.798
2020-12-19,9228.833,9228.833
2020-12-20,9889.233,9889.233
2020-12-21,9978.672,9978.672
2020-12-22,9864.069,9864.069
2020-12-23,9361.188,9361.188
2020-12-24,9151.579,9151.579
2020-12-25,8934.846,8934.846
2020-12-26,8768.265,8768.265
2020-12-27,8587.107,8587.107
2020-12-28,8423.61,8423.61
2020-12-29,8243.244,8243.244
2020-12-30,8373.458,8373.458
2020-12-31,8581.094,8581.094
2021-01-01,8938.976,8938.976
2021-01-02,9361.387,9361.387
2021-01-03,9741.583,9741.583
2021-01-04,10055.828,10055.828
2021-01-05,10398.787,10398.787
2021-01-06,10773.154,10773.154
2021-01-07,11037.009,11037.009
2021-01-08,11358.537,11358.537
2021-01-09,11379.896,11379.896
2021-01-10,11160.899,11160.899
2021-01-11,10962.965,10962.965
2021-01-12,10691.069,10691.069
2021-01-13,10468.569,10468.569
2021-01-14,10444.403,10444.403
2021-01-15,10134.543,10134.543
2021-01-16,9726.678,9726.678
2021-01-17,9618.921,9618.921
2021-01-18,10109.906,10109.906
2021-01-19,11140.452,11140.452
2021-01-20,13213.449,13213.449
2021-01-21,15896.506,15896.506
2021-01-22,17692.914,17692.914
2021-01-23,18125.191,18125.191
2021-01-24,18604.866,18604.866
2021-01-25,18800.496,18800.496
2021-01-26,18832.826,18832.826
2021-01-27,18803.026,18803.026
2021-01-28,18007.579,18007.579
2021-01-29,16712.389,16712.389
2021-01-30,15972.383,15972.383
2021-01-31,16475.015,16475.015
2021-02-01,17727.262,17727.262
2021-02-02,17973.569,17973.569
2021-02-03,17228.513,17228.513
2021-02-04,16233.82,16233.82
2021-02-05,15064.273,15064.273
2021-02-06,14013.772,14013.772
2021-02-07,12993.234,12993.234
2021-02-08,12090.655,12090.655
2021-02-09,11425.338,11425.338
2021-02-10,10945.171,10945.171
2021-02-11,10544.364,10544.364
2021-02-12,10296.644,10296.644
2021-02-13,10148.526,10148.526
2021-02-14,10202.174,10202.174
2021-02-15,10409.051,10409.051
2021-02-16,10604.65,10604.65
2021-02-17,10753.578,10753.578
2021-02-18,10934.077,10934.077
2021-02-19,10975.534,10975.534
2021-02-20,11011.665,11011.665
2021-02-21,11073.723,11073.723
2021-02-22,11216.186,11216.186
2021-02-23,11364.571,11364.571
2021-02-24,11462.483,11462.483
2021-02-25,11407.288,11407.288
2021-02-26,11206.946,11206.946
2021-02-27,10939.107,10939.107
2021-02-28,10691.325,10691.325
2021-03-01,10440.06,10440.06
2021-03-02,10230.898,10230.898
2021-03-03,10259.048,10259.048
2021-03-04,10875.297,10875.297
2021-03-05,11879.496,11879.496
2021-03-06,12666.829,12666.829
2021-03-07,13000.63,13000.63
2021-03-08,13268.029,13268.029
2021-03-09,13488.531,13488.531
2021-03-10,13504.768,13504.768
2021-03-11,13207.313,13207.313
2021-03-12,12766.37,12766.37
2021-03-13,12295.494,12295.494
2021-03-14,11883.501,11883.501
2021-03-15,11610.037,11610.037
2021-03-16,11375.716,11375.716
2021-03-17,11274.966,11274.966
2021-03-18,11449.545,11449.545
2021-03-19,11315.492,11315.492
2021-03-20,10832.364,10832.364
2021-03-21,10606.074,10606.074
2021-03-22,10535.196,10535.196
2021-03-23,10525.546,10525.546
2021-03-24,10494.189,10494.189
2021-03-25,10327.304,10327.304
2021-03-26,10110.951,10110.951
2021-03-27,9829.415,9829.415
2021-03-28,9528.713,9528.713
2021-03-29,9238.326,9238.326
2021-03-30,8916.623,8916.623
2021-03-31,8618.82,8618.82
2021-04-01,8307.116,8307.116
2021-04-02,8039.532,8039.532
2021-04-03,7733.308,7733.308
2021-04-04,7450.338,7450.338
2021-04-05,7221.651,7221.651
2021-04-06,7005.38,7005.38
2021-04-07,6854.66,6854.66
2021-04-08,6715.895,6715.895
2021-04-09,6639.71,6639.71
2021-04-10,6541.214,6541.214
2021-04-11,6490.865,6490.865
2021-04-12,6445.648,6445.648
2021-04-13,6434.031,6434.031
2021-04-14,6489.513,6489.513
2021-04-15,6560.698,6560.698
2021-04-16,6587.404,6587.404
2021-04-17,6641.892,6641.892
2021-04-18,6525.172,6525.172
2021-04-19,6361.719,6361.719
2021-04-20,6140.387,6140.387
2021-04-21,5934.206,5934.206
2021-04-22,5834.173,5834.173
2021-04-23,5771.879,5771.879
2021-04-24,5756.145,5756.145
2021-04-25,5820.426,5820.426
2021-04-26,5940.629,5940.629
2021-04-27,5884.891,5884.891
2021-04-28,5805.582,5805.582
2021-04-29,5697.242,5697.242
2021-04-30,5607.545,5607.545
2021-05-01,5555.731,5555.731
2021-05-02,5464.764,5464.764
2021-05-03,5386.797,5386.797
2021-05-04,5297.449,5297.449
2021-05-05,5227.431,5227.431
2021-05-06,5149.454,5149.454
2021-05-07,5125.678,5125.678
2021-05-08,5073.157,5073.157
2021-05-09,5071.651,5071.651
2021-05-10,5083.114,5083.114
2021-05-11,5035.827,5035.827
2021-05-12,4982.21,4982.21
2021-05-13,4956.785,4956.785
2021-05-14,4973.78,4973.78
2021-05-15,4978.062,4978.062
2021-05-16,4959.837,4959.837
2021-05-17,4940.814,4940.814
2021-05-18,4925.991,4925.991
2021-05-19,4906.825,4906.825
2021-05-20,4902.533,4902.533
2021-05-21,4903.772,4903.772
2021-05-22,4926.565,4926.565
2021-05-23,4953.568,4953.568
2021-05-24,4996.562,4996.562
2021-05-25,4990.149,4990.149
2021-05-26,4981.76,4981.76
2021-05-27,4994.104,4994.104
2021-05-28,5091.801,5091.801
2021-05-29,5168.661,5168.661
2021-05-30,5306.986,5306.986
2021-05-31,5480.222,5480.222
2021-06-01,5650.59,5650.59
2021-06-02,5718.867,5718.867
2021-06-03,5756.319,5756.319
2021-06-04,5752.979,5752.979
2021-06-05,5682.582,5682.582
2021-06-06,5573.084,5573.084
2021-06-07,5518.422,5518.422
2021-06-08,5488.715,5488.715
2021-06-09,5448.743,5448.743
2021-06-10,5512.173,5512.173
2021-06-11,5597.465,5597.465
2021-06-12,5531.442,5531.442
2021-06-13,5487.721,5487.721
2021-06-14,5501.714,5501.714
2021-06-15,5515.462,5515.462
2021-06-16,5538.326,5538.326
2021-06-17,5512.983,5512.983
2021-06-18,5490.907,5490.907
2021-06-19,5470.316,5470.316
2021-06-20,5462.756,5462.756
2021-06-21,5437.925,5437.925
2021-06-22,5399.448,5399.448
2021-06-23,5321.471,5321.471
2021-06-24,5264.125,5264.125
2021-06-25,5261.298,5261.298
2021-06-26,5299.313,5299.313
2021-06-27,5318.039,5318.039
2021-06-28,5214.001,5214.001
2021-06-29,5160.671,5160.671
2021-06-30,5095.181,5095.181
2021-07-01,5023.207,5023.207
2021-07-02,4952.175,4952.175
2021-07-03,4873.849,4873.849
2021-07-04,4825.754,4825.754
2021-07-05,4793.383,4793.383
2021-07-06,4747.664,4747.664
2021-07-07,4705.12,4705.12
2021-07-08,4665.374,4665.374
2021-07-09,4633.259,4633.259
2021-07-10,4576.62,4576.62
2021-07-11,4549.545,4549.545
2021-07-12,4488.716,4488.716
2021-07-13,4467.142,4467.142
2021-07-14,4427.539,4427.539
2021-07-15,4410.114,4410.114
2021-07-16,4398.681,4398.681
2021-07-17,4544.597,4544.597
2021-07-18,4571.518,4571.518
2021-07-19,4565.116,4565.116
2021-07-20,4489.464,4489.464
2021-07-21,4471.936,4471.936
2021-07-22,4467.808,4467.808
2021-07-23,4443.263,4443.263
2021-07-24,4441.44,4441.44
2021-07-25,4431.513,4431.513
2021-07-26,4353.761,4353.761
2021-07-27,4294.746,4294.746
2021-07-28,4217.24,4217.24
2021-07-29,4160.662,4160.662
2021-07-30,4102.814,4102.814
2021-07-31,4095.469,4095.469
2021-08-01,4062.904,4062.904
2021-08-02,4051.604,4051.604
2021-08-03,4044.577,4044.577
2021-08-04,4006.08,4006.08
2021-08-05,4012.923,4012.923
2021-08-06,4037.171,4037.171
2021-08-07,4078.362,4078.362
2021-08-08,4122.104,4122.104
2021-08-09,4127.123,4127.123
2021-08-10,4134.704,4134.704
2021-08-11,4138.904,4138.904
2021-08-12,4128.281,4128.281
2021-08-13,4097.938,4097.938
2021-08-14,4064.645,4064.645
2021-08-15,4065.946,4065.946
2021-08-16,4020.381,4020.381
2021-08-17,4025.841,4025.841
2021-08-18,4035.747,4035.747
2021-08-19,4019.285,4019.285
2021-08-20,3984.947,3984.947
2021-08-21,3974.682,3974.682
2021-08-22,3929.014,3929.014
2021-08-23,3895.281,3895.281
2021-08-24,3871.392,3871.392
2021-08-25,3851.898,3851.898
2021-08-26,3835.794,3835.794
2021-08-27,3861.783,3861.783
2021-08-28,3898.078,3898.078
2021-08-29,3939.699,3939.699
2021-08-30,3898.487,3898.487
2021-08-31,3862.541,3862.541
2021-09-01,3891.573,3891.573
2021-09-02,3936.421,3936.421
2021-09-03,3975.389,3975.389
2021-09-04,3985.838,3985.838
2021-09-05,3974.354,3974.354
2021-09-06,3960.351,3960.351
2021-09-07,3979.077,3979.077
2021-09-08,3960.638,3960.638
2021-09-09,3924.497,3924.497
2021-09-10,3924.517,3924.517
2021-09-11,3893.744,3893.744
2021-09-12,3835.098,3835.098
2021-09-13,3800.012,3800.012
2021-09-14,3767.323,3767.323
2021-09-15,3769.843,3769.843
2021-09-16,3786.07,3786.07
2021-09-17,3802.634,3802.634
2021-09-18,3831.307,3831.307
2021-09-19,3889.954,3889.954
2021-09-20,3922.387,3922.387
2021-09-21,3971.589,3971.589
2021-09-22,4005.537,4005.537
2021-09-23,3978.852,3978.852
2021-09-24,3969.929,3969.929
2021-09-25,3835.118,3835.118
2021-09-26,3814.917,3814.917
2021-09-27,3772.158,3772.158
2021-09-28,3739.47,3739.47
2021-09-29,3697.09,3697.09
2021-09-30,3670.712,3670.712
2021-10-01,3628.435,3628.435
2021-10-02,3586.947,3586.947
2021-10-03,3674.338,3674.338
2021-10-04,4431.093,4431.093
2021-10-05,5305.992,5305.992
2021-10-06,6254.413,6254.413
2021-10-07,6860.765,6860.765
2021-10-08,7138.46,7138.46
2021-10-09,7322.462,7322.462
2021-10-10,7890.922,7890.922
2021-10-11,8061.014,8061.014
2021-10-12,7771.549,7771.549
2021-10-13,7511.229,7511.229
2021-10-14,7675.092,7675.092
2021-10-15,8403.747,8403.747
2021-10-16,9335.849,9335.849
2021-10-17,10356.305,10356.305
2021-10-18,11265.235,11265.235
2021-10-19,11081.703,11081.703
2021-10-20,10615.335,10615.335
2021-10-21,10321.055,10321.055
2021-10-22,10130.302,10130.302
2021-10-23,9888.461,9411.091
2021-10-24,10081.96,10081.96
2021-10-25,10580.075,10580.075
2021-10-26,11313.699,11313.699
2021-10-27,11738.958,11738.958
2021-10-28,11573.794,11573.794
2021-10-29,11159.619,11159.619
2021-10-30,10647.972,10647.972
2021-10-31,10179.422,10179.422
2021-11-01,9695.905,9695.905
2021-11-02,9283.031,9283.031
2021-11-03,8969.032,8969.032
2021-11-04,8745.702,8745.702
2021-11-05,8492.399,8492.399
2021-11-06,8325.104,8325.104
2021-11-07,8260.342,8260.342
2021-11-08,8182.999,8182.999
2021-11-09,8198.796,8198.796
2021-11-10,8150.936,8150.936
2021-11-11,8119.026,8119.026
2021-11-12,7998.177,7998.177
2021-11-13,7805.19,7805.19
2021-11-14,7468.9,7468.9
2021-11-15,7207.463,7207.463
2021-11-16,7071.351,7071.351
2021-11-17,7070.255,7070.255
2021-11-18,6989.184,6989.184
2021-11-19,6997.215,6997.215
2021-11-20,7130.121,7130.121
2021-11-21,7247.691,7247.691
2021-11-22,7455.337,7455.337
2021-11-23,7711.765,7711.765
2021-11-24,7908.02,7908.02
2021-11-25,7985.649,7985.649
2021-11-26,8140.2,8140.2
2021-11-27,8253.345,8253.345
2021-11-28,8284.753,8284.753
2021-11-29,8392.489,8392.489
2021-11-30,8500.994,8500.994
2021-12-01,8570.387,8570.387
2021-12-02,8479.563,8479.563
2021-12-03,8250.907,8250.907
2021-12-04,8045.279,8045.279
2021-12-05,7919.401,7919.401
2021-12-06,7818.651,7818.651
2021-12-07,7653.467,7653.467
2021-12-08,7536.757,7536.757
2021-12-09,7408.85,7408.85
2021-12-10,7184.957,7184.957
2021-12-11,6967.877,6967.877
2021-12-12,6812.526,6812.526
2021-12-13,6688.41,6688.41
2021-12-14,6642.302,6642.302
2021-12-15,6524.363,6524.363
2021-12-16,6381.807,6381.807
2021-12-17,6316.747,6316.747
2021-12-18,6390.279,6390.279
2021-12-19,6668.27,6668.27
2021-12-20,7104.46,7104.46
2021-12-21,7640.498,7640.498
2021-12-22,8149.45,8149.45
2021-12-23,8616.198,8616.198
2021-12-24,8965.846,8965.846
2021-12-25,9272.131,9272.131
2021-12-26,9591.898,9591.898
2021-12-27,9861.202,9861.202
2021-12-28,10079.922,10079.922
2021-12-29,10087.082,10087.082
2021-12-30,9889.619,9889.619
2021-12-31,9566.554,9566.554
