year_month,ena_bruta_mwmed,ena_armazenavel_mwmed,dias_no_mes
2000-01-01,13797.45722580645,13797.45722580645,31
2000-02-01,19605.97496551724,19605.97496551724,29
2000-03-01,17935.481290322583,17930.20916129032,31
2000-04-01,11885.709733333333,11674.647633333334,30
2000-05-01,8222.479677419355,8220.755483870968,31
2000-06-01,7677.4269,7677.4269,30
2000-07-01,7583.210580645161,7583.210580645161,31
2000-08-01,7579.964129032258,7579.964129032258,31
2000-09-01,13928.556533333332,12611.713866666667,30
2000-10-01,8821.639096774194,8038.9761290322585,31
2000-11-01,9716.612633333334,9578.702733333334,30
2000-12-01,13619.09935483871,13614.88829032258,31
2001-01-01,14122.35658064516,12665.68964516129,31
2001-02-01,15971.022035714284,12713.533428571429,28
2001-03-01,13203.990903225806,13071.491258064516,31
2001-04-01,10561.609066666666,10561.609066666666,30
2001-05-01,8865.769774193548,8865.769774193548,31
2001-06-01,8837.3562,8837.3562,30
2001-07-01,7588.124612903226,7588.124612903226,31
2001-08-01,6302.399387096774,6302.399387096774,31
2001-09-01,6626.373733333333,6626.373733333333,30
2001-10-01,9186.70964516129,9186.70964516129,31
2001-11-01,9108.2989,9108.2989,30
2001-12-01,12679.425645161291,12657.640806451613,31
2002-01-01,18022.070935483873,16617.428967741937,31
2002-02-01,20043.439107142858,14744.467857142856,28
2002-03-01,15566.89258064516,13051.621322580646,31
2002-04-01,10412.951733333333,10336.236133333334,30
2002-05-01,11903.980258064516,10438.261161290324,31
2002-06-01,8273.006266666667,8247.822733333333,30
2002-07-01,7047.359967741936,7047.359967741936,31
2002-08-01,6752.508193548388,6752.508193548388,31
2002-09-01,7142.1669,7142.1669,30
2002-10-01,5831.365516129033,5831.365516129033,31
2002-11-01,8403.501633333333,8311.059166666666,30
2002-12-01,12362.954806451613,10817.855387096773,31
2003-01-01,16467.113870967743,15896.629419354838,31
2003-02-01,21932.90135714286,17723.357178571427,28
2003-03-01,15616.402612903226,11869.11029032258,31
2003-04-01,14443.456,13182.188499999998,30
2003-05-01,9549.627774193548,9513.684419354839,31
2003-06-01,8914.207499999999,8902.386633333334,30
2003-07-01,7659.481419354839,7658.029806451613,31
2003-08-01,6166.645161290323,6166.645161290323,31
2003-09-01,5956.733333333334,5956.733333333334,30
2003-10-01,6412.096774193548,6412.096774193548,31
2003-11-01,7894.4,7894.4,30
2003-12-01,12666.90322580645,12286.387096774193,31
2004-01-01,12184.967741935483,12169.258064516129,31
2004-02-01,16889.44827586207,16839.758620689656,29
2004-03-01,17130.322580645163,17115.290322580644,31
2004-04-01,12755.633333333333,12431.033333333333,30
2004-05-01,13577.354838709678,11968.741935483871,31
2004-06-01,13314.866666666667,11423.3,30
2004-07-01,11329.774193548386,10084.741935483871,31
2004-08-01,7546.096774193548,7477.387096774193,31
2004-09-01,5874.266666666666,5874.266666666666,30
2004-10-01,9179.548387096775,7730.935483870968,31
2004-11-01,11538.866666666667,9672.233333333334,30
2004-12-01,11837.290322580646,11662.064516129032,31
2005-01-01,20045.129032258064,15484.258064516129,31
2005-02-01,18966.321428571428,13440.142857142857,28
2005-03-01,13751.0,13736.258064516129,31
2005-04-01,11676.166666666666,11476.366666666667,30
2005-05-01,9580.0,9538.58064516129,31
2005-06-01,10640.866666666667,10332.933333333332,30
2005-07-01,7659.322580645161,7659.322580645161,31
2005-08-01,6131.5161290322585,6131.5161290322585,31
2005-09-01,7944.633333333333,7845.433333333333,30
2005-10-01,11725.193548387097,8197.709677419354,31
2005-11-01,10298.366666666667,8693.5,30
2005-12-01,16280.645161290322,14303.806451612903,31
2006-01-01,14500.967741935483,13253.645161290322,31
2006-02-01,15266.107142857143,14591.42857142857,28
2006-03-01,17696.129032258064,14183.354838709678,31
2006-04-01,16018.466666666667,13500.033333333333,30
2006-05-01,9485.838709677419,9435.870967741936,31
2006-06-01,8104.833333333333,8104.4,30
2006-07-01,7199.5161290322585,7199.5161290322585,31
2006-08-01,6134.322580645161,6134.322580645161,31
2006-09-01,7048.9,6933.7,30
2006-10-01,8851.193548387097,8839.193548387097,31
2006-11-01,8375.166666666666,8375.166666666666,30
2006-12-01,16306.935483870968,15586.387096774193,31
2007-01-01,27765.612903225807,21819.0,31
2007-02-01,27763.678571428572,15957.5,28
2007-03-01,17950.870967741936,13686.258064516129,31
2007-04-01,12121.5,11596.4,30
2007-05-01,11048.967741935483,9852.967741935483,31
2007-06-01,9084.933333333332,8755.0,30
2007-07-01,8858.09677419355,8721.774193548386,31
2007-08-01,7690.612903225807,7639.967741935484,31
2007-09-01,5127.6,5118.333333333333,30
2007-10-01,4851.5161290322585,4820.032258064516,31
2007-11-01,8733.6,8681.233333333334,30
2007-12-01,9097.161290322581,9097.161290322581,31
2008-01-01,11492.387096774193,11492.387096774193,31
2008-02-01,18762.172413793105,18762.172413793105,29
2008-03-01,18862.451612903227,18541.58064516129,31
2008-04-01,15737.033333333333,13546.7,30
2008-05-01,12761.09677419355,12007.612903225807,31
2008-06-01,10162.733333333334,10162.733333333334,30
2008-07-01,7875.258064516129,7875.258064516129,31
2008-08-01,10039.354838709678,9288.0,31
2008-09-01,6187.233333333334,6187.233333333334,30
2008-10-01,8811.193548387097,8802.41935483871,31
2008-11-01,9712.2,8936.4,30
2008-12-01,8411.322580645161,8411.322580645161,31
2009-01-01,14184.58064516129,14184.58064516129,31
2009-02-01,19938.214285714286,19873.321428571428,28
2009-03-01,14027.322580645161,13647.483870967742,31
2009-04-01,13207.433333333332,12859.2,30
2009-05-01,9321.90322580645,9313.09677419355,31
2009-06-01,8509.666666666666,8509.666666666666,30
2009-07-01,11095.645161290322,10828.387096774193,31
2009-08-01,10179.387096774193,10016.451612903225,31
2009-09-01,13417.9,10738.8,30
2009-10-01,15590.548387096775,9855.806451612903,31
2009-11-01,14252.0,10458.433333333332,30
2009-12-01,20197.0,9951.258064516129,31
2010-01-01,24230.387096774193,9988.741935483871,31
2010-02-01,24045.0,12338.07142857143,28
2010-03-01,17726.870967741936,12252.193548387097,31
2010-04-01,16650.933333333334,9919.633333333333,30
2010-05-01,11669.09677419355,9351.032258064517,31
2010-06-01,9341.0,8869.966666666667,30
2010-07-01,8173.709677419355,8173.709677419355,31
2010-08-01,6460.419354838709,6436.032258064516,31
2010-09-01,5548.2,5536.933333333333,30
2010-10-01,9532.838709677419,8643.483870967742,31
2010-11-01,8927.666666666666,8799.366666666667,30
2010-12-01,13775.677419354839,12498.322580645161,31
2011-01-01,21235.0,19549.645161290322,31
2011-02-01,18647.5,14805.392857142857,28
2011-03-01,26453.516129032258,16805.225806451614,31
2011-04-01,19222.1,13400.9,30
2011-05-01,12182.161290322581,11472.645161290322,31
2011-06-01,10322.633333333333,10259.733333333334,30
2011-07-01,10137.225806451614,9442.0,31
2011-08-01,11766.064516129032,8873.548387096775,31
2011-09-01,7508.666666666667,7008.766666666666,30
2011-10-01,10157.806451612903,8801.193548387097,31
2011-11-01,10343.566666666668,8447.8,30
2011-12-01,10963.032258064517,10093.967741935483,31
2012-01-01,18321.064516129034,17074.548387096773,31
2012-02-01,14511.241379310344,14117.551724137931,29
2012-03-01,11122.806451612903,11111.838709677419,31
2012-04-01,10520.9,10514.2,30
2012-05-01,11234.806451612903,11234.806451612903,31
2012-06-01,16620.7,14021.333333333334,30
2012-07-01,11466.483870967742,11076.838709677419,31
2012-08-01,7108.129032258064,7101.064516129032,31
2012-09-01,5860.6,5837.733333333334,30
2012-10-01,6205.580645161291,6173.387096774193,31
2012-11-01,7555.3,7555.3,30
2012-12-01,9174.645161290322,9174.645161290322,31
2013-01-01,13674.90322580645,13674.90322580645,31
2013-02-01,18677.785714285714,18677.785714285714,28
2013-03-01,17536.354838709678,17511.870967741936,31
2013-04-01,18725.266666666666,18611.366666666665,30
2013-05-01,11224.129032258064,11224.129032258064,31
2013-06-01,17468.5,14188.233333333334,30
2013-07-01,15154.645161290322,11973.225806451614,31
2013-08-01,8559.322580645161,8523.290322580646,31
2013-09-01,7417.833333333333,7417.833333333333,30
2013-10-01,10212.322580645161,10169.129032258064,31
2013-11-01,8115.966666666666,8115.966666666666,30
2013-12-01,10622.032258064517,10622.032258064517,31
2014-01-01,9994.161290322581,9994.161290322581,31
2014-02-01,7193.464285714285,7193.464285714285,28
2014-03-01,11708.451612903225,11708.451612903225,31
2014-04-01,11718.333333333334,11718.333333333334,30
2014-05-01,9335.967741935483,9335.967741935483,31
2014-06-01,13884.5,11474.666666666666,30
2014-07-01,8544.225806451614,8544.225806451614,31
2014-08-01,7142.967741935484,7142.967741935484,31
2014-09-01,7237.766666666666,7237.766666666666,30
2014-10-01,7717.967741935484,7717.967741935484,31
2014-11-01,7237.766666666666,7237.766666666666,30
2014-12-01,11853.322580645161,11853.322580645161,31
2015-01-01,9466.935483870968,9466.935483870968,31
2015-02-01,12338.964285714286,12338.964285714286,28
2015-03-01,14474.290322580646,14474.290322580646,31
2015-04-01,12967.766666666666,12967.766666666666,30
2015-05-01,11811.322580645161,11811.322580645161,31
2015-06-01,9939.633333333333,9939.633333333333,30
2015-07-01,16051.806451612903,14416.806451612903,31
2015-08-01,8161.967741935484,8161.967741935484,31
2015-09-01,9764.333333333334,9764.333333333334,30
2015-10-01,10913.387096774193,10694.967741935483,31
2015-11-01,15671.3,11586.933333333332,30
2015-12-01,20977.0,13518.58064516129,31
2016-01-01,28178.935483870966,19800.322580645163,31
2016-02-01,20809.58620689655,18415.44827586207,29
2016-03-01,22450.645161290322,15629.516129032258,31
2016-04-01,12575.766666666666,12255.433333333332,30
2016-05-01,13164.225806451614,12719.516129032258,31
2016-06-01,16350.4,13177.933333333332,30
2016-07-01,10307.612903225807,10260.322580645161,31
2016-08-01,10249.290322580646,9747.387096774193,31
2016-09-01,9083.633333333333,8975.933333333332,30
2016-10-01,8796.354838709678,8700.258064516129,31
2016-11-01,9462.633333333333,9429.3,30
2016-12-01,12012.258064516129,12012.258064516129,31
2017-01-01,13559.032258064517,13559.032258064517,31
2017-02-01,15733.892857142857,15733.892857142857,28
2017-03-01,12264.806451612903,12264.806451612903,31
2017-04-01,10987.033333333333,10987.033333333333,30
2017-05-01,13323.90322580645,12360.677419354839,31
2017-06-01,13685.066666666668,11063.933333333332,30
2017-07-01,7643.419354838709,7643.419354838709,31
2017-08-01,7414.258064516129,7414.258064516129,31
2017-09-01,5462.233333333334,5462.233333333334,30
2017-10-01,7248.870967741936,7248.870967741936,31
2017-11-01,13677.6,13615.133333333333,30
2017-12-01,15159.129032258064,14928.612903225807,31
2018-01-01,22696.78764516129,19245.59693548387,31
2018-02-01,16173.066714285715,16092.743678571427,28
2018-03-01,16497.23329032258,16155.904161290322,31
2018-04-01,13218.5106,13052.127833333334,30
2018-05-01,8339.883903225806,8339.883903225806,31
2018-06-01,7541.7764,7541.7764,30
2018-07-01,6074.785580645162,6074.785580645162,31
2018-08-01,6232.217096774194,6232.217096774194,31
2018-09-01,6679.021133333333,6679.021133333333,30
2018-10-01,10937.577483870968,10896.793032258063,31
2018-11-01,12354.744033333332,12347.822833333334,30
2018-12-01,11959.913935483872,11959.913935483872,31
2019-01-01,10634.647774193549,10634.647774193549,31
2019-02-01,9901.272035714286,9901.272035714286,28
2019-03-01,16516.021612903227,16516.021612903227,31
2019-04-01,12437.4498,12437.1757,30
2019-05-01,10363.297451612903,10363.297451612903,31
2019-06-01,10122.120133333334,9236.584233333333,30
2019-07-01,7183.021096774194,7183.021096774194,31
2019-08-01,5654.727967741936,5654.727967741936,31
2019-09-01,5006.6839666666665,5006.6839666666665,30
2019-10-01,4504.483612903226,4504.483612903226,31
2019-11-01,5565.879033333334,5565.879033333334,30
2019-12-01,11605.072193548387,11605.072193548387,31
2020-01-01,11217.267064516129,11217.267064516129,31
2020-02-01,15886.165068965518,15886.165068965518,29
2020-03-01,15041.95635483871,15041.95635483871,31
2020-04-01,9560.946766666666,9560.946766666666,30
2020-05-01,7466.745096774193,7241.137677419355,31
2020-06-01,7211.242466666667,7211.242466666667,30
2020-07-01,6366.5545483870965,6366.5545483870965,31
2020-08-01,6456.0018064516125,6456.0018064516125,31
2020-09-01,4560.7108333333335,4560.7108333333335,30
2020-10-01,3991.4454838709676,3991.4454838709676,31
2020-11-01,5076.384999999999,5076.384999999999,30
2020-12-01,7357.096225806452,7357.096225806452,31
2021-01-01,13052.909741935484,13052.909741935484,31
2021-02-01,12176.33925,12176.33925,28
2021-03-01,11172.759387096776,11172.759387096776,31
2021-04-01,6507.9617,6507.9617,30
2021-05-01,5090.065806451613,5090.065806451613,31
2021-06-01,5466.101266666667,5466.101266666667,30
2021-07-01,4522.241580645162,4522.241580645162,31
2021-08-01,4002.5198709677416,4002.5198709677416,31
2021-09-01,3875.5466333333334,3875.5466333333334,30
2021-10-01,8573.748451612902,8558.349419354838,31
2021-11-01,8001.379033333333,8001.379033333333,30
2021-12-01,7970.505161290323,7970.505161290323,31
2022-01-01,12575.779800909677,12575.779800909677,31
2022-02-01,15649.4078892325,15649.4078892325,28
2022-03-01,11351.615423388386,11351.615423388386,31
2022-04-01,9565.093945313334,9565.093945313334,30
2022-05-01,6782.989541330968,6782.989541330968,31
2022-06-01,7601.623990886,7601.623990886,30
2022-07-01,5330.041157384516,5330.041157384516,31
2022-08-01,5886.199423514194,5886.199423514194,31
2022-09-01,6088.228776043,6088.228776043,30
2022-10-01,11004.610729588065,11004.610729588065,31
2022-11-01,8438.128222657666,8438.128222657666,30
2022-12-01,9922.760616179678,9922.760616179678,31
2023-01-01,17449.422757057742,15721.788589970967,31
2023-02-01,19343.759905136427,13674.217843193213,28
2023-03-01,20206.44610005258,14511.07970010258,31
2023-04-01,13603.802832033,11107.340022787666,30
2023-05-01,10095.444225682257,9354.042921498709,31
2023-06-01,9463.574511719335,9463.574511719335,30
2023-07-01,7682.761120212581,7682.761120212581,31
2023-08-01,6498.458921370968,6498.458921370968,31
2023-09-01,6584.931917318333,6584.931917318333,30
2023-10-01,8368.175292970323,8368.175292970323,31
2023-11-01,11605.847281902668,9571.149853517332,30
2023-12-01,9556.008411039677,9185.968623994195,31
