ano_mes,geracao_media_MW,geracao_total_MWh,geracao_min_MW,geracao_max_MW,horas_registradas,linhas_suspeitas
2000-01,9518.173521505376,7081521.1,6055.9,11639.3,744,6
2000-02,9814.524281609196,6830908.9,6883.4,11946.6,696,1
2000-03,10910.862231182795,8117681.5,8007.0,12334.4,744,0
2000-04,10558.610555555555,7602199.6,6002.9,12879.0,720,0
2000-05,9759.788306451614,7261282.5,6871.2,12710.5,744,1
2000-06,10202.012777777778,7345449.2,7626.0,12742.7,720,5
2000-07,10592.449327956989,7880782.3,4060.5,12672.5,744,2
2000-08,10607.225940860215,7891776.1,7173.1,12711.1,744,2
2000-09,11856.209583333333,8536470.9,7233.0,12929.9,720,14
2000-10,10773.357008086254,7993830.9,7130.1,12722.1,742,1
2000-11,11014.31752433936,7919294.3,6972.9,12743.7,719,1
2000-12,11176.414401076716,8304075.9,7942.3,12820.1,743,3
2001-01,10083.775134408603,7502328.7,6622.3,12489.5,744,1
2001-02,10229.916591928251,6843814.2,5844.4,11800.5,669,0
2001-03,10128.419623655915,7535544.2,6500.5,11599.7,744,0
2001-04,10272.019888734352,7385582.3,7512.2,12357.8,719,4
2001-05,9776.998648648649,7234979.0,7024.9,11510.0,740,1
2001-06,8426.375694444445,6066990.5,5211.0,11095.6,720,2
2001-07,8157.040945945946,6036210.3,2525.0,11944.8,740,5
2001-08,7223.534320323015,5367086.0,3937.2,9908.4,743,3
2001-09,7822.271944444444,5632035.8,5131.6,10842.7,720,1
2001-10,8367.050874831762,6216718.8,3594.3,11092.9,743,11
2001-11,8707.537777777778,6269427.2,5463.9,12377.7,720,5
2001-12,8901.363157894737,6595910.1,4267.4,12202.7,741,0
2002-01,9576.371102150537,7124820.1,1945.5,14017.8,744,6
2002-02,8499.578273809524,5711716.6,3773.1,11946.6,672,1
2002-03,9785.345698924732,7280297.2,4243.6,12286.7,744,4
2002-04,10535.953055555556,7585886.2,7091.6,12280.6,720,4
2002-05,10021.440322580645,7455951.6,5618.5,12143.8,744,2
2002-06,9401.145277777778,6768824.6,5653.4,12059.9,720,6
2002-07,8657.51747311828,6441193.0,5656.3,11323.0,744,1
2002-08,9123.48682795699,6787874.2,6283.9,11275.3,744,2
2002-09,9292.400416666667,6690528.3,5453.4,11442.9,720,0
2002-10,9464.813978494623,7041821.6,6879.4,11219.1,744,1
2002-11,9644.193184979138,6934174.9,5479.4,11376.0,719,0
2002-12,9602.524731182797,7144278.4,6355.5,11587.1,744,0
2003-01,9997.983736559141,7438499.9,5176.4,11940.5,744,0
2003-02,10446.195089285713,7019843.1,6045.3,12487.3,672,0
2003-03,9060.996639784946,6741381.5,4870.7,12376.0,744,0
2003-04,10399.350277777778,7487532.2,5932.4,12543.0,720,0
2003-05,10103.467607526882,7516979.9,6459.1,12042.9,744,0
2003-06,9958.72625,7170282.9,7190.9,11996.1,720,0
2003-07,9681.766666666666,7203234.4,6886.5,11484.8,744,0
2003-08,9644.95497311828,7175846.5,6787.1,11561.0,744,1
2003-09,10075.971111111112,7254699.2,6446.4,11897.7,720,0
2003-10,10862.850201884254,8071097.7,7633.9,11750.0,743,0
2003-11,10733.077777777778,7727816.0,6674.3,11786.2,720,2
2003-12,11125.587634408603,8277437.2,7037.9,12721.7,744,0
2004-01,10109.207930107526,7521250.7,6890.9,11615.6,744,0
2004-02,9894.798706896552,6886779.9,5800.1,11554.7,696,0
2004-03,10105.183602150537,7518256.6,5717.7,11639.8,744,1
2004-04,9885.739166666666,7117732.2,6669.0,12020.6,720,1
2004-05,10381.889247311827,7724125.6,6172.2,12088.1,744,3
2004-06,10655.261527777777,7671788.3,6462.9,12373.3,720,0
2004-07,10290.664919354838,7656254.7,5346.8,12382.4,744,2
2004-08,9994.41061827957,7435841.5,7037.3,11777.1,744,0
2004-09,9929.750694444445,7149420.5,7725.7,11765.2,720,0
2004-10,10112.072311827957,7523381.8,7292.3,12061.0,744,0
2004-11,10508.066063977747,7555299.5,7660.1,11919.6,719,0
2004-12,10994.386559139784,8179823.6,6732.6,12207.6,744,0
2005-01,10665.172849462366,7934888.6,6672.6,12519.1,744,0
2005-02,10488.874851190476,7048523.9,7106.7,11915.3,672,0
2005-03,10475.33306451613,7793647.8,6954.6,12193.0,744,0
2005-04,10991.17125,7913643.3,6942.8,12608.3,720,0
2005-05,10024.076344086021,7457912.8,6543.2,12253.0,744,0
2005-06,9463.571249999999,6813771.3,6725.2,11731.6,720,0
2005-07,9554.277150537635,7108382.2,7407.5,11708.8,744,0
2005-08,9637.35819892473,7170194.5,7808.7,11692.7,744,0
2005-09,9245.671944444444,6656883.8,6883.5,11734.1,720,0
2005-10,9604.219650067294,7135935.2,5384.1,11660.0,743,1
2005-11,9725.089305555555,7002064.3,7297.0,11981.0,720,17
2005-12,10724.934274193547,7979351.1,8085.6,12316.6,744,0
2006-01,11096.789026063101,8089559.2,8652.2,12168.3,729,0
2006-02,10897.516369047618,7323131.0,8239.6,12057.6,672,0
2006-03,10626.681317204302,7906250.9,7464.3,12124.5,744,0
2006-04,10559.595972222221,7602909.1,7881.7,12494.3,720,0
2006-05,10477.178726287264,7732157.9,7987.5,12481.6,738,0
2006-06,10511.962916666667,7568613.3,8242.7,12341.3,720,0
2006-07,10656.411021505377,7928369.8,8053.5,12937.5,744,0
2006-08,10574.172139973083,7856609.9,7713.8,12853.5,743,0
2006-09,10336.662116991643,7421723.4,6191.1,12514.6,718,0
2006-10,10237.206738544475,7596007.4,7205.0,12586.7,742,0
2006-11,10520.585535465925,7564301.0,7724.4,12567.3,719,0
2006-12,10523.860887096775,7829752.5,0.0,12298.4,744,4
2007-01,11039.97553763441,8213741.8,7333.1,12498.1,744,0
2007-02,10293.365327380952,6917141.5,7302.9,11791.8,672,0
2007-03,11126.532795698926,8278140.4,7422.0,12459.7,744,0
2007-04,10925.537083333333,7866386.7,5116.7,12376.0,720,0
2007-05,9333.502956989247,6944126.2,5082.6,12422.5,744,0
2007-06,9689.761805555556,6976628.5,6365.2,12265.0,720,2
2007-07,10169.286021505377,7565948.8,7612.6,12472.5,744,0
2007-08,10098.412096774193,7513218.6,7814.0,12473.0,744,0
2007-09,10369.840138888889,7466284.9,7462.2,12377.4,720,0
2007-10,10129.856796769851,7526483.6,7416.0,12519.3,743,0
2007-11,10664.162638888889,7678197.1,7278.5,12499.6,720,0
2007-12,10380.011962365592,7722728.9,7695.3,12530.2,744,5
2008-01,10755.156451612904,8001836.4,7538.2,12673.4,744,0
2008-02,10410.05790229885,7245400.3,7737.2,12471.6,696,0
2008-03,11092.056048387098,8252489.7,7402.0,12666.4,744,0
2008-04,11165.544722222223,8039192.2,8013.2,12538.6,720,0
2008-05,10976.591801075268,8166584.3,6876.8,12655.1,744,0
2008-06,11309.795277777777,8143052.6,8465.6,12576.6,720,0
2008-07,10460.343413978495,7782495.5,7450.6,12506.9,744,0
2008-08,11753.27002688172,8744432.9,8553.5,12930.5,744,0
2008-09,10202.975972222222,7346142.7,7535.2,12250.8,720,0
2008-10,11071.843876177658,8226380.0,7646.6,12777.2,743,0
2008-11,10229.303472222222,7365098.5,7221.5,12116.4,720,0
2008-12,9889.988440860216,7358151.4,6844.6,12270.0,744,0
2009-01,9699.912903225806,7216735.2,7347.5,11549.8,744,0
2009-02,10843.71875,7286979.0,8416.4,12785.1,672,0
2009-03,11465.77809139785,8530538.9,8132.6,12801.1,744,0
2009-04,11284.190277777778,8124617.0,7854.4,12789.1,720,0
2009-05,9887.547311827957,7356335.2,6639.7,12299.4,744,0
2009-06,10295.022222222222,7412416.0,7633.8,12402.1,720,0
2009-07,11193.871102150537,8328240.1,8121.5,12538.0,744,0
2009-08,10740.66559139785,7991055.2,6902.9,12246.6,744,0
2009-09,10397.20736111111,7485989.3,6793.8,12296.6,720,1
2009-10,10082.117631224764,7491013.4,7094.5,12247.4,743,0
2009-11,10348.336111111112,7450802.0,859.8,11861.8,720,0
2009-12,8995.266532258065,6692478.3,6611.3,11426.3,744,0
2010-01,8165.975537634408,6075485.8,6569.8,9430.1,744,0
2010-02,8526.683928571429,5729931.6,6833.5,9530.2,672,0
2010-03,8819.685752688172,6561846.2,7117.2,9529.2,744,0
2010-04,8636.69013888889,6218416.9,6918.4,11048.5,720,0
2010-05,9385.900403225807,6983109.9,6103.7,10987.3,744,0
2010-06,10296.353472222223,7413374.5,7449.3,11548.3,720,0
2010-07,10483.277688172042,7799558.6,8096.3,11571.4,744,0
2010-08,10134.838306451613,7540319.7,6811.6,11661.5,744,0
2010-09,9901.332083333333,7128959.1,7220.2,11544.1,720,0
2010-10,10488.097308209959,7792656.3,6408.9,11571.1,743,0
2010-11,11027.159722222223,7939555.0,7939.1,12254.2,720,1
2010-12,11016.720161290323,8196439.8,8134.8,12264.2,744,0
2011-01,11195.452956989247,8329417.0,8904.5,12213.5,744,0
2011-02,11006.675148809523,7396485.7,7486.8,11965.9,672,0
2011-03,9593.345161290323,7137448.8,6627.8,11973.1,744,0
2011-04,9599.950138888888,6911964.1,6585.7,11971.3,720,0
2011-05,10783.52809139785,8022944.9,6934.0,12106.6,744,0
2011-06,10755.60888888889,7744038.4,7681.0,12220.8,720,0
2011-07,10778.711424731182,8019361.3,7696.3,12240.5,744,0
2011-08,10549.594220430106,7848898.1,6694.9,12166.8,744,0
2011-09,10002.572083333334,7201851.9,6473.0,12154.3,720,0
2011-10,10188.797711978466,7570276.7,7176.1,12284.5,743,0
2011-11,10252.226944444445,7381603.4,6768.6,12204.4,720,0
2011-12,10726.673387096775,7980645.0,7465.4,12292.3,744,0
2012-01,11287.28561827957,8397740.5,9005.3,12244.2,744,0
2012-02,11278.572270114943,7849886.3,7687.3,12390.7,696,0
2012-03,11128.66317204301,8279725.4,8088.4,12704.8,744,0
2012-04,11289.064444444444,8128126.4,9154.6,12906.7,720,5
2012-05,11552.49932795699,8595059.5,9286.6,12974.3,744,0
2012-06,11744.523611111112,8456057.0,8290.8,12962.2,720,2
2012-07,12148.243548387096,9038293.2,8271.2,12933.7,744,0
2012-08,10894.049059139785,8105172.5,6966.3,12776.2,744,0
2012-09,10216.723194444445,7356040.7,6993.0,12778.9,720,0
2012-10,10496.1800807537,7798661.8,7242.0,12791.6,743,0
2012-11,10383.82138888889,7476351.4,7123.4,12630.6,720,0
2012-12,10755.653897849463,8002206.5,7843.9,13515.2,744,0
2013-01,10874.886827956989,8090915.8,8160.9,12952.5,744,0
2013-02,11522.622470238095,7743202.3,8002.6,13767.3,672,0
2013-03,11795.608467741935,8775932.7,7812.2,13752.5,744,0
2013-04,12158.146250000002,8753865.3,7717.6,13638.2,720,0
2013-05,10840.078225806452,8065018.2,7697.1,13518.4,744,0
2013-06,11289.81388888889,8128666.0,7563.0,13490.8,720,0
2013-07,11304.937096774192,8410873.2,7506.3,13267.6,744,0
2013-08,10823.169623655915,8052438.2,7734.1,13416.0,744,0
2013-09,10257.84861111111,7385651.0,7555.2,12719.2,720,0
2013-10,11108.117092866756,8253331.0,7482.0,13374.1,743,1
2013-11,11055.376250000001,7959870.9,8343.0,13289.9,720,1
2013-12,10911.80263888889,7856497.9,1.0,13351.2,720,2
2014-01,11056.094758064517,8225734.5,8045.2,13675.8,744,0
2014-02,10887.635185185185,7055187.6,7758.4,13606.8,648,0
2014-03,10072.2186827957,7493730.7,7538.5,12825.2,744,0
2014-04,10481.15763888889,7546433.5,7562.3,13435.7,720,0
2014-05,9901.738172043011,7366893.2,6927.5,12854.3,744,0
2014-06,9656.591666666667,6952746.0,6150.4,13036.0,720,0
2014-07,9834.22567204301,7316663.9,7346.5,12638.2,744,0
2014-08,9521.992607526881,7084362.5,6338.8,13064.6,744,0
2014-09,8719.611527777777,6278120.3,6150.8,11582.6,720,0
2014-10,10433.483714670256,7752078.4,7120.4,13846.1,743,0
2014-11,9228.798888888889,6644735.2,6883.0,12446.7,720,0
2014-12,9490.181720430108,7060695.2,6510.3,12817.0,744,0
2015-01,10157.153897849463,7556922.5,6753.9,13583.5,744,0
2015-02,10089.934970238095,6780436.3,7442.4,13721.4,672,0
2015-03,10883.20685483871,8097105.9,7100.2,14013.0,744,0
2015-04,9408.9908045977,6548657.6,6449.7,12463.8,696,0
2015-05,9341.377419354838,6949984.8,6239.0,12483.2,744,0
2015-06,9213.981111111112,6634066.4,6575.4,12203.1,720,0
2015-07,10657.232930107526,7928981.3,6722.4,13367.1,744,2
2015-08,9638.926478494623,7171361.3,6622.0,13147.6,744,0
2015-09,9474.6525,6821749.8,6591.1,13108.2,720,0
2015-10,11077.524091520861,8230600.4,6742.6,14147.8,743,0
2015-11,10966.597361111111,7895950.1,7407.4,14066.2,720,0
2015-12,10464.830241935484,7785833.7,7186.0,13076.9,744,0
2016-01,11338.226209677421,8435640.3,7448.2,13690.6,744,0
2016-02,12476.558620689657,8683684.8,8057.7,14186.5,696,0
2016-03,11213.982795698925,8343203.2,7391.9,13718.4,744,0
2016-04,12104.380277777778,8715153.8,8587.6,13602.8,720,0
2016-05,11573.800268817206,8610907.4,7017.9,13915.7,744,0
2016-06,11838.958750000002,8524050.3,7263.2,14348.9,720,0
2016-07,11799.003629032257,8778458.7,8176.5,14176.4,744,0
2016-08,11387.617338709679,8472387.3,8219.1,13542.3,744,0
2016-09,11574.678055555556,8333768.2,7043.7,13584.0,720,0
2016-10,11332.160430686405,8419795.2,6056.8,13617.0,743,0
2016-11,11453.840694444445,8246765.3,7006.7,13703.7,720,0
2016-12,11879.02002688172,8837990.9,9067.7,14062.1,744,0
2017-01,11674.926612903226,8686145.4,8768.9,14080.7,744,0
2017-02,12135.629613095238,8155143.1,7990.9,14020.1,672,0
2017-03,11551.16693548387,8594068.2,7341.2,13930.6,744,0
2017-04,10104.296944444444,7275093.8,6941.2,12916.2,720,0
2017-05,10347.832930107526,7698787.7,6938.8,13409.6,744,0
2017-06,10330.111388888889,7437680.2,6759.3,13678.5,720,0
2017-07,10032.124059139785,7463900.3,7204.3,13082.5,744,0
2017-08,9665.299193548386,7190982.6,6919.3,12416.0,744,0
2017-09,9798.393055555556,7054843.0,6848.5,12777.3,720,0
2017-10,11072.248317631225,8226680.5,6740.2,13440.7,743,0
2017-11,12194.029166666667,8779701.0,8185.8,13861.1,720,0
2017-12,12360.469892473118,9196189.6,8346.2,14040.7,744,0
2018-01,12725.611424731183,9467854.9,8898.0,14119.4,744,0
2018-02,12607.802529761906,8472443.3,8001.3,13982.1,672,0
2018-03,13189.361424731183,9812884.9,7857.9,14158.2,744,0
2018-04,11653.339166666665,8390404.2,7648.4,13619.5,720,0
2018-05,9613.41370967742,7152379.8,6153.7,12733.0,744,0
2018-06,9087.671527777778,6543123.5,6102.1,11720.5,720,0
2018-07,8536.884677419355,6351442.2,5765.6,12411.0,744,0
2018-08,9988.668888888888,7191841.6,5206.5,13613.7,720,0
2018-09,8835.495972222221,6361557.1,5634.4,12325.7,720,0
2018-10,11727.253494623656,8725076.6,6950.0,13782.4,744,0
2018-11,12797.841168289291,9201647.8,6223.4,13956.2,719,1
2018-12,10839.567876344086,8064638.5,7669.7,13222.6,744,0
2019-01,10668.90994623656,7937669.0,7095.5,14012.9,744,0
2019-02,9438.307589285714,6342542.7,6038.6,13331.4,672,0
2019-03,9940.274596774194,7395564.3,6462.4,12863.6,744,0
2019-04,9463.423611111111,6813665.0,5857.9,12585.4,720,0
2019-05,8029.654704301075,5974063.1,5257.1,11452.6,744,0
2019-06,7924.303333333334,5705498.4,5292.8,11229.7,720,0
2019-07,8441.469892473118,6280453.6,6386.1,11384.7,744,0
2019-08,8039.0943548387095,5981086.2,5883.9,10855.0,744,0
2019-09,9158.953055555556,6594446.2,6075.0,12555.9,720,0
2019-10,9047.898252688172,6731636.3,5611.2,12563.2,744,0
2019-11,8732.190277777778,6287177.0,6096.8,11968.2,720,0
2019-12,9241.403629032258,6875604.3,5766.1,12917.9,744,0
2020-01,10912.957661290322,8119240.5,7090.6,13653.8,744,0
2020-02,10407.051149425286,7243307.6,6802.0,12753.0,696,0
2020-03,9068.618279569893,6747052.0,6331.8,11823.0,744,0
2020-04,6942.8086111111115,4998822.2,4750.7,9950.2,720,0
2020-05,7755.529838709677,5770114.2,5495.7,11473.7,744,0
2020-06,7603.0952777777775,5474228.6,5554.0,10802.3,720,0
2020-07,7692.0021505376335,5722849.6,5347.9,10711.0,744,0
2020-08,8677.245430107527,6455870.6,5722.7,11795.1,744,0
2020-09,8986.180277777778,6470049.8,6301.3,11968.1,720,0
2020-10,8955.531451612904,6662915.4,5749.5,12104.0,744,0
2020-11,8602.603055555555,6193874.2,5618.0,12238.0,720,0
2020-12,8087.489650537635,6017092.3,5083.9,10866.0,744,0
2021-01,8826.011021505377,6566552.2,4660.3,13542.6,744,0
2021-02,10836.497767857143,7282126.5,6669.5,13632.5,672,0
2021-03,8441.859543010753,6280743.5,5960.1,11966.3,744,0
2021-04,6790.448194444445,4889122.7,4784.4,9421.9,720,0
2021-05,6907.321505376344,5139047.2,4770.4,11553.8,744,0
2021-06,5765.5975,4151230.2,4268.3,8398.9,720,0
2021-07,5294.742204301076,3939288.2,3994.4,8981.2,744,0
2021-08,5804.708602150537,4318703.2,3990.6,9535.5,744,0
2021-09,7681.894583333333,5530964.1,4028.6,11044.8,720,0
2021-10,8717.162768817203,6485569.1,4612.2,11813.0,744,0
2021-11,8361.662361111112,6020396.9,5211.3,12389.8,720,0
2021-12,7178.451075268817,5340767.6,4501.6,10218.1,744,0
2022-01,6312.386021505376,4696415.2,4398.9,8416.7,744,0
2022-02,6404.628124999999,4303910.1,4320.9,8764.6,672,0
2022-03,7721.198521505376,5744571.7,4903.7,10779.4,744,0
2022-04,6884.045972222221,4956513.1,4021.9,10338.3,720,0
2022-05,6890.958870967743,5126873.4,4167.0,10243.0,744,0
2022-06,7162.2209722222215,5156799.1,4681.1,10644.8,720,0
2022-07,7005.045698924731,5211754.0,4848.3,10943.9,744,0
2022-08,7606.476747311828,5659218.7,4809.5,11070.1,744,0
2022-09,8050.74375,5796535.5,5246.1,12417.4,720,0
2022-10,10450.095967741936,7774871.4,6262.3,13249.9,744,0
2022-11,11317.629027777779,8148692.9,8150.2,13667.4,720,0
2022-12,9301.051747311827,6919982.5,5781.5,13056.2,744,0
2023-01,8487.147580645162,6314437.8,5610.3,11195.7,744,0
2023-02,9644.456845238095,6481075.0,6783.2,12361.9,672,0
2023-03,10339.232795698925,7692389.2,7112.9,13240.7,744,0
2023-04,9461.005277777778,6811923.8,5591.3,12414.4,720,0
2023-05,9102.819623655914,6772497.8,6091.5,11991.5,744,0
2023-06,8774.161805555555,6317396.5,5818.7,12773.0,720,0
2023-07,8277.800000000001,6158683.2,5863.8,11754.2,744,0
2023-08,8978.309139784946,6679862.0,6062.7,12506.5,744,0
2023-09,9487.667777777777,6831120.8,6937.3,13514.3,720,0
2023-10,9327.51680107527,6939672.5,6960.9,13121.9,744,0
2023-11,11053.837777777779,7958763.2,7770.4,13280.3,720,0
2023-12,11269.777150537635,8384714.2,7896.7,13939.1,744,0
2024-01,10241.151209677419,7619416.5,6869.6,13363.8,744,0
2024-02,8259.797988505748,5748819.4,6297.7,11580.9,696,0
2024-03,7500.1619623655915,5580120.5,5101.1,11934.6,744,0
2024-04,6896.881388888888,4965754.6,4371.1,10283.9,720,0
2024-05,5995.448924731183,4460614.0,4446.7,9378.2,744,0
2024-06,6361.367083333333,4580184.3,4411.6,9888.6,720,0
2024-07,6303.345430107527,4689689.0,4707.7,9597.3,744,0
2024-08,6471.752688172043,4814984.0,4762.5,9789.9,744,0
2024-09,7294.990555555556,5252393.2,5138.8,11325.2,720,0
2024-10,7520.827284946236,5595495.5,4817.2,11652.4,744,0
2024-11,8241.146666666666,5933625.6,6109.9,12027.4,720,0
2024-12,9966.2875,7414917.9,5990.2,13705.2,744,0
2025-01,9785.397849462366,7280336.0,6288.5,13519.8,744,0
2025-02,9557.09330357143,6422366.7,6883.6,12579.6,672,0
2025-03,8357.370698924731,6217883.8,5918.8,12059.3,744,0
2025-04,7874.9047222222225,5669931.4,5813.4,11435.9,720,0
2025-05,7788.315994623656,5794507.1,5865.4,10189.5,744,0
2025-06,7828.574305555556,5636573.5,5813.5,10829.2,720,0
2025-07,6692.156451612904,4978964.4,5216.6,10391.4,744,0
2025-08,6834.799327956989,5085090.7,4603.2,10558.1,744,0
2025-09,7246.60625,5217556.5,5479.6,10578.2,720,0
2025-10,7764.502284946237,5776789.7,5435.2,11246.4,744,0
2025-11,9463.223055555554,6813520.6,6014.9,13104.3,720,0
2025-12,10093.427150537635,7509509.8,6819.7,13379.4,744,0
2026-01,8695.719758064517,6469615.5,6651.7,12427.1,744,0
2026-02,8554.831845238095,5748847.0,6437.5,12059.3,672,0
2026-03,8806.484811827957,6552024.7,6415.0,12627.5,744,0
2026-04,8675.15111111111,6246108.8,6167.5,12912.3,720,0
2026-05,8838.563440860215,6575891.2,5733.7,12621.3,744,0
2026-06,8508.711805555555,6126272.5,5552.0,12182.9,720,0
2026-07,8542.175694444444,1230073.3,5786.9,10191.8,144,0
