ano_mes,ano,mes,ONI,fase
1990-01,1990,1,0.1,Neutro
1990-02,1990,2,0.2,Neutro
1990-03,1990,3,0.3,Neutro
1990-04,1990,4,0.3,Neutro
1990-05,1990,5,0.3,Neutro
1990-06,1990,6,0.3,Neutro
1990-07,1990,7,0.3,Neutro
1990-08,1990,8,0.4,Neutro
1990-09,1990,9,0.4,Neutro
1990-10,1990,10,0.3,Neutro
1990-11,1990,11,0.4,Neutro
1990-12,1990,12,0.4,Neutro
1991-01,1991,1,0.4,Neutro
1991-02,1991,2,0.3,Neutro
1991-03,1991,3,0.2,Neutro
1991-04,1991,4,0.3,Neutro
1991-05,1991,5,0.5,El Nino
1991-06,1991,6,0.6,El Nino
1991-07,1991,7,0.7,El Nino
1991-08,1991,8,0.6,El Nino
1991-09,1991,9,0.6,El Nino
1991-10,1991,10,0.8,El Nino
1991-11,1991,11,1.2,El Nino
1991-12,1991,12,1.5,El Nino
1992-01,1992,1,1.7,El Nino
1992-02,1992,2,1.6,El Nino
1992-03,1992,3,1.5,El Nino
1992-04,1992,4,1.3,El Nino
1992-05,1992,5,1.1,El Nino
1992-06,1992,6,0.7,El Nino
1992-07,1992,7,0.4,Neutro
1992-08,1992,8,0.1,Neutro
1992-09,1992,9,-0.1,Neutro
1992-10,1992,10,-0.2,Neutro
1992-11,1992,11,-0.3,Neutro
1992-12,1992,12,-0.1,Neutro
1993-01,1993,1,0.1,Neutro
1993-02,1993,2,0.3,Neutro
1993-03,1993,3,0.5,El Nino
1993-04,1993,4,0.7,El Nino
1993-05,1993,5,0.7,El Nino
1993-06,1993,6,0.6,El Nino
1993-07,1993,7,0.3,Neutro
1993-08,1993,8,0.3,Neutro
1993-09,1993,9,0.2,Neutro
1993-10,1993,10,0.1,Neutro
1993-11,1993,11,0.0,Neutro
1993-12,1993,12,0.1,Neutro
1994-01,1994,1,0.1,Neutro
1994-02,1994,2,0.1,Neutro
1994-03,1994,3,0.2,Neutro
1994-04,1994,4,0.3,Neutro
1994-05,1994,5,0.4,Neutro
1994-06,1994,6,0.4,Neutro
1994-07,1994,7,0.4,Neutro
1994-08,1994,8,0.4,Neutro
1994-09,1994,9,0.6,El Nino
1994-10,1994,10,0.7,El Nino
1994-11,1994,11,1.0,El Nino
1994-12,1994,12,1.1,El Nino
1995-01,1995,1,1.0,El Nino
1995-02,1995,2,0.7,El Nino
1995-03,1995,3,0.5,El Nino
1995-04,1995,4,0.3,Neutro
1995-05,1995,5,0.1,Neutro
1995-06,1995,6,0.0,Neutro
1995-07,1995,7,-0.2,Neutro
1995-08,1995,8,-0.5,La Nina
1995-09,1995,9,-0.8,La Nina
1995-10,1995,10,-1.0,La Nina
1995-11,1995,11,-1.0,La Nina
1995-12,1995,12,-1.0,La Nina
1996-01,1996,1,-0.9,La Nina
1996-02,1996,2,-0.8,La Nina
1996-03,1996,3,-0.6,La Nina
1996-04,1996,4,-0.4,Neutro
1996-05,1996,5,-0.3,Neutro
1996-06,1996,6,-0.3,Neutro
1996-07,1996,7,-0.3,Neutro
1996-08,1996,8,-0.3,Neutro
1996-09,1996,9,-0.4,Neutro
1996-10,1996,10,-0.4,Neutro
1996-11,1996,11,-0.4,Neutro
1996-12,1996,12,-0.5,La Nina
1997-01,1997,1,-0.5,La Nina
1997-02,1997,2,-0.4,Neutro
1997-03,1997,3,-0.1,Neutro
1997-04,1997,4,0.3,Neutro
1997-05,1997,5,0.8,El Nino
1997-06,1997,6,1.2,El Nino
1997-07,1997,7,1.6,El Nino
1997-08,1997,8,1.9,El Nino
1997-09,1997,9,2.1,El Nino
1997-10,1997,10,2.3,El Nino
1997-11,1997,11,2.4,El Nino
1997-12,1997,12,2.4,El Nino
1998-01,1998,1,2.2,El Nino
1998-02,1998,2,1.9,El Nino
1998-03,1998,3,1.4,El Nino
1998-04,1998,4,1.0,El Nino
1998-05,1998,5,0.5,El Nino
1998-06,1998,6,-0.1,Neutro
1998-07,1998,7,-0.8,La Nina
1998-08,1998,8,-1.1,La Nina
1998-09,1998,9,-1.3,La Nina
1998-10,1998,10,-1.4,La Nina
1998-11,1998,11,-1.5,La Nina
1998-12,1998,12,-1.6,La Nina
1999-01,1999,1,-1.5,La Nina
1999-02,1999,2,-1.3,La Nina
1999-03,1999,3,-1.1,La Nina
1999-04,1999,4,-1.0,La Nina
1999-05,1999,5,-1.0,La Nina
1999-06,1999,6,-1.0,La Nina
1999-07,1999,7,-1.1,La Nina
1999-08,1999,8,-1.1,La Nina
1999-09,1999,9,-1.2,La Nina
1999-10,1999,10,-1.3,La Nina
1999-11,1999,11,-1.5,La Nina
1999-12,1999,12,-1.7,La Nina
2000-01,2000,1,-1.7,La Nina
2000-02,2000,2,-1.4,La Nina
2000-03,2000,3,-1.1,La Nina
2000-04,2000,4,-0.8,La Nina
2000-05,2000,5,-0.7,La Nina
2000-06,2000,6,-0.6,La Nina
2000-07,2000,7,-0.6,La Nina
2000-08,2000,8,-0.5,La Nina
2000-09,2000,9,-0.5,La Nina
2000-10,2000,10,-0.6,La Nina
2000-11,2000,11,-0.7,La Nina
2000-12,2000,12,-0.7,La Nina
2001-01,2001,1,-0.7,La Nina
2001-02,2001,2,-0.5,La Nina
2001-03,2001,3,-0.4,Neutro
2001-04,2001,4,-0.3,Neutro
2001-05,2001,5,-0.3,Neutro
2001-06,2001,6,-0.1,Neutro
2001-07,2001,7,-0.1,Neutro
2001-08,2001,8,-0.1,Neutro
2001-09,2001,9,-0.2,Neutro
2001-10,2001,10,-0.3,Neutro
2001-11,2001,11,-0.3,Neutro
2001-12,2001,12,-0.3,Neutro
2002-01,2002,1,-0.1,Neutro
2002-02,2002,2,0.0,Neutro
2002-03,2002,3,0.1,Neutro
2002-04,2002,4,0.2,Neutro
2002-05,2002,5,0.4,Neutro
2002-06,2002,6,0.7,El Nino
2002-07,2002,7,0.8,El Nino
2002-08,2002,8,0.9,El Nino
2002-09,2002,9,1.0,El Nino
2002-10,2002,10,1.2,El Nino
2002-11,2002,11,1.3,El Nino
2002-12,2002,12,1.1,El Nino
2003-01,2003,1,0.9,El Nino
2003-02,2003,2,0.6,El Nino
2003-03,2003,3,0.4,Neutro
2003-04,2003,4,0.0,Neutro
2003-05,2003,5,-0.3,Neutro
2003-06,2003,6,-0.2,Neutro
2003-07,2003,7,0.1,Neutro
2003-08,2003,8,0.2,Neutro
2003-09,2003,9,0.3,Neutro
2003-10,2003,10,0.3,Neutro
2003-11,2003,11,0.4,Neutro
2003-12,2003,12,0.4,Neutro
2004-01,2004,1,0.4,Neutro
2004-02,2004,2,0.3,Neutro
2004-03,2004,3,0.2,Neutro
2004-04,2004,4,0.2,Neutro
2004-05,2004,5,0.2,Neutro
2004-06,2004,6,0.3,Neutro
2004-07,2004,7,0.5,El Nino
2004-08,2004,8,0.6,El Nino
2004-09,2004,9,0.7,El Nino
2004-10,2004,10,0.7,El Nino
2004-11,2004,11,0.7,El Nino
2004-12,2004,12,0.7,El Nino
2005-01,2005,1,0.6,El Nino
2005-02,2005,2,0.6,El Nino
2005-03,2005,3,0.4,Neutro
2005-04,2005,4,0.4,Neutro
2005-05,2005,5,0.3,Neutro
2005-06,2005,6,0.1,Neutro
2005-07,2005,7,-0.1,Neutro
2005-08,2005,8,-0.1,Neutro
2005-09,2005,9,-0.1,Neutro
2005-10,2005,10,-0.3,Neutro
2005-11,2005,11,-0.6,La Nina
2005-12,2005,12,-0.8,La Nina
2006-01,2006,1,-0.9,La Nina
2006-02,2006,2,-0.8,La Nina
2006-03,2006,3,-0.6,La Nina
2006-04,2006,4,-0.4,Neutro
2006-05,2006,5,-0.1,Neutro
2006-06,2006,6,0.0,Neutro
2006-07,2006,7,0.1,Neutro
2006-08,2006,8,0.3,Neutro
2006-09,2006,9,0.5,El Nino
2006-10,2006,10,0.8,El Nino
2006-11,2006,11,0.9,El Nino
2006-12,2006,12,0.9,El Nino
2007-01,2007,1,0.7,El Nino
2007-02,2007,2,0.2,Neutro
2007-03,2007,3,-0.1,Neutro
2007-04,2007,4,-0.3,Neutro
2007-05,2007,5,-0.4,Neutro
2007-06,2007,6,-0.5,La Nina
2007-07,2007,7,-0.6,La Nina
2007-08,2007,8,-0.8,La Nina
2007-09,2007,9,-1.1,La Nina
2007-10,2007,10,-1.3,La Nina
2007-11,2007,11,-1.5,La Nina
2007-12,2007,12,-1.6,La Nina
2008-01,2008,1,-1.6,La Nina
2008-02,2008,2,-1.5,La Nina
2008-03,2008,3,-1.3,La Nina
2008-04,2008,4,-1.0,La Nina
2008-05,2008,5,-0.8,La Nina
2008-06,2008,6,-0.6,La Nina
2008-07,2008,7,-0.4,Neutro
2008-08,2008,8,-0.2,Neutro
2008-09,2008,9,-0.2,Neutro
2008-10,2008,10,-0.4,Neutro
2008-11,2008,11,-0.6,La Nina
2008-12,2008,12,-0.7,La Nina
2009-01,2009,1,-0.8,La Nina
2009-02,2009,2,-0.8,La Nina
2009-03,2009,3,-0.6,La Nina
2009-04,2009,4,-0.3,Neutro
2009-05,2009,5,0.0,Neutro
2009-06,2009,6,0.3,Neutro
2009-07,2009,7,0.5,El Nino
2009-08,2009,8,0.6,El Nino
2009-09,2009,9,0.7,El Nino
2009-10,2009,10,1.0,El Nino
2009-11,2009,11,1.4,El Nino
2009-12,2009,12,1.6,El Nino
2010-01,2010,1,1.5,El Nino
2010-02,2010,2,1.2,El Nino
2010-03,2010,3,0.8,El Nino
2010-04,2010,4,0.4,Neutro
2010-05,2010,5,-0.2,Neutro
2010-06,2010,6,-0.7,La Nina
2010-07,2010,7,-1.0,La Nina
2010-08,2010,8,-1.3,La Nina
2010-09,2010,9,-1.6,La Nina
2010-10,2010,10,-1.6,La Nina
2010-11,2010,11,-1.6,La Nina
2010-12,2010,12,-1.5,La Nina
2011-01,2011,1,-1.3,La Nina
2011-02,2011,2,-1.0,La Nina
2011-03,2011,3,-0.8,La Nina
2011-04,2011,4,-0.6,La Nina
2011-05,2011,5,-0.5,La Nina
2011-06,2011,6,-0.4,Neutro
2011-07,2011,7,-0.4,Neutro
2011-08,2011,8,-0.6,La Nina
2011-09,2011,9,-0.8,La Nina
2011-10,2011,10,-1.0,La Nina
2011-11,2011,11,-1.0,La Nina
2011-12,2011,12,-0.9,La Nina
2012-01,2012,1,-0.7,La Nina
2012-02,2012,2,-0.6,La Nina
2012-03,2012,3,-0.5,La Nina
2012-04,2012,4,-0.4,Neutro
2012-05,2012,5,-0.2,Neutro
2012-06,2012,6,0.1,Neutro
2012-07,2012,7,0.3,Neutro
2012-08,2012,8,0.4,Neutro
2012-09,2012,9,0.4,Neutro
2012-10,2012,10,0.3,Neutro
2012-11,2012,11,0.1,Neutro
2012-12,2012,12,-0.1,Neutro
2013-01,2013,1,-0.3,Neutro
2013-02,2013,2,-0.3,Neutro
2013-03,2013,3,-0.2,Neutro
2013-04,2013,4,-0.2,Neutro
2013-05,2013,5,-0.3,Neutro
2013-06,2013,6,-0.3,Neutro
2013-07,2013,7,-0.4,Neutro
2013-08,2013,8,-0.3,Neutro
2013-09,2013,9,-0.2,Neutro
2013-10,2013,10,-0.1,Neutro
2013-11,2013,11,-0.1,Neutro
2013-12,2013,12,-0.2,Neutro
2014-01,2014,1,-0.3,Neutro
2014-02,2014,2,-0.3,Neutro
2014-03,2014,3,-0.1,Neutro
2014-04,2014,4,0.2,Neutro
2014-05,2014,5,0.3,Neutro
2014-06,2014,6,0.2,Neutro
2014-07,2014,7,0.1,Neutro
2014-08,2014,8,0.1,Neutro
2014-09,2014,9,0.3,Neutro
2014-10,2014,10,0.5,El Nino
2014-11,2014,11,0.7,El Nino
2014-12,2014,12,0.8,El Nino
2015-01,2015,1,0.7,El Nino
2015-02,2015,2,0.6,El Nino
2015-03,2015,3,0.7,El Nino
2015-04,2015,4,0.8,El Nino
2015-05,2015,5,1.0,El Nino
2015-06,2015,6,1.3,El Nino
2015-07,2015,7,1.6,El Nino
2015-08,2015,8,1.9,El Nino
2015-09,2015,9,2.2,El Nino
2015-10,2015,10,2.5,El Nino
2015-11,2015,11,2.6,El Nino
2015-12,2015,12,2.8,El Nino
2016-01,2016,1,2.6,El Nino
2016-02,2016,2,2.3,El Nino
2016-03,2016,3,1.7,El Nino
2016-04,2016,4,1.0,El Nino
2016-05,2016,5,0.5,El Nino
2016-06,2016,6,0.0,Neutro
2016-07,2016,7,-0.3,Neutro
2016-08,2016,8,-0.5,La Nina
2016-09,2016,9,-0.6,La Nina
2016-10,2016,10,-0.6,La Nina
2016-11,2016,11,-0.6,La Nina
2016-12,2016,12,-0.5,La Nina
2017-01,2017,1,-0.2,Neutro
2017-02,2017,2,0.0,Neutro
2017-03,2017,3,0.2,Neutro
2017-04,2017,4,0.3,Neutro
2017-05,2017,5,0.4,Neutro
2017-06,2017,6,0.4,Neutro
2017-07,2017,7,0.2,Neutro
2017-08,2017,8,-0.1,Neutro
2017-09,2017,9,-0.3,Neutro
2017-10,2017,10,-0.6,La Nina
2017-11,2017,11,-0.8,La Nina
2017-12,2017,12,-0.9,La Nina
2018-01,2018,1,-0.8,La Nina
2018-02,2018,2,-0.7,La Nina
2018-03,2018,3,-0.6,La Nina
2018-04,2018,4,-0.4,Neutro
2018-05,2018,5,-0.1,Neutro
2018-06,2018,6,0.1,Neutro
2018-07,2018,7,0.1,Neutro
2018-08,2018,8,0.3,Neutro
2018-09,2018,9,0.5,El Nino
2018-10,2018,10,0.8,El Nino
2018-11,2018,11,1.0,El Nino
2018-12,2018,12,0.9,El Nino
2019-01,2019,1,0.9,El Nino
2019-02,2019,2,0.9,El Nino
2019-03,2019,3,0.8,El Nino
2019-04,2019,4,0.8,El Nino
2019-05,2019,5,0.6,El Nino
2019-06,2019,6,0.5,El Nino
2019-07,2019,7,0.3,Neutro
2019-08,2019,8,0.2,Neutro
2019-09,2019,9,0.2,Neutro
2019-10,2019,10,0.4,Neutro
2019-11,2019,11,0.6,El Nino
2019-12,2019,12,0.7,El Nino
2020-01,2020,1,0.6,El Nino
2020-02,2020,2,0.6,El Nino
2020-03,2020,3,0.5,El Nino
2020-04,2020,4,0.3,Neutro
2020-05,2020,5,0.0,Neutro
2020-06,2020,6,-0.2,Neutro
2020-07,2020,7,-0.4,Neutro
2020-08,2020,8,-0.5,La Nina
2020-09,2020,9,-0.8,La Nina
2020-10,2020,10,-1.1,La Nina
2020-11,2020,11,-1.2,La Nina
2020-12,2020,12,-1.1,La Nina
2021-01,2021,1,-0.9,La Nina
2021-02,2021,2,-0.8,La Nina
2021-03,2021,3,-0.7,La Nina
2021-04,2021,4,-0.5,La Nina
2021-05,2021,5,-0.4,Neutro
2021-06,2021,6,-0.3,Neutro
2021-07,2021,7,-0.3,Neutro
2021-08,2021,8,-0.4,Neutro
2021-09,2021,9,-0.6,La Nina
2021-10,2021,10,-0.8,La Nina
2021-11,2021,11,-0.9,La Nina
2021-12,2021,12,-0.9,La Nina
2022-01,2022,1,-0.8,La Nina
2022-02,2022,2,-0.8,La Nina
2022-03,2022,3,-0.9,La Nina
2022-04,2022,4,-1.0,La Nina
2022-05,2022,5,-0.9,La Nina
2022-06,2022,6,-0.8,La Nina
2022-07,2022,7,-0.8,La Nina
2022-08,2022,8,-0.9,La Nina
2022-09,2022,9,-1.0,La Nina
2022-10,2022,10,-0.9,La Nina
2022-11,2022,11,-0.8,La Nina
2022-12,2022,12,-0.7,La Nina
2023-01,2023,1,-0.5,La Nina
2023-02,2023,2,-0.3,Neutro
2023-03,2023,3,0.0,Neutro
2023-04,2023,4,0.3,Neutro
2023-05,2023,5,0.6,El Nino
2023-06,2023,6,0.8,El Nino
2023-07,2023,7,1.1,El Nino
2023-08,2023,8,1.4,El Nino
2023-09,2023,9,1.6,El Nino
2023-10,2023,10,1.8,El Nino
2023-11,2023,11,2.0,El Nino
2023-12,2023,12,2.1,El Nino
2024-01,2024,1,1.9,El Nino
2024-02,2024,2,1.6,El Nino
2024-03,2024,3,1.3,El Nino
2024-04,2024,4,0.8,El Nino
2024-05,2024,5,0.5,El Nino
2024-06,2024,6,0.2,Neutro
2024-07,2024,7,0.1,Neutro
2024-08,2024,8,-0.1,Neutro
2024-09,2024,9,-0.2,Neutro
2024-10,2024,10,-0.2,Neutro
2024-11,2024,11,-0.3,Neutro
2024-12,2024,12,-0.4,Neutro
2025-01,2025,1,-0.4,Neutro
2025-02,2025,2,-0.2,Neutro
2025-03,2025,3,-0.1,Neutro
2025-04,2025,4,0.0,Neutro
2025-05,2025,5,0.0,Neutro
2025-06,2025,6,0.0,Neutro
2025-07,2025,7,-0.1,Neutro
2025-08,2025,8,-0.3,Neutro
2025-09,2025,9,-0.4,Neutro
2025-10,2025,10,-0.5,La Nina
2025-11,2025,11,-0.6,La Nina
2025-12,2025,12,-0.5,La Nina
2026-01,2026,1,-0.4,Neutro
2026-02,2026,2,-0.1,Neutro
2026-03,2026,3,0.1,Neutro
2026-04,2026,4,0.5,El Nino
